,0
0,"Merhaba, Ä°Ã§eriklerinizi beÄŸerekek takip ediyorum fakat Bu kadar abone kitlene sahip olmana raÄŸmen Filistinde Ã¶ldÃ¼rÃ¼len masumlar Ã¶zellikle Ã§ocuklar iÃ§in sesini Ã§Ä±karmadan beni Ã¼zdÃ¼.Sizinde Ã§ocuÄŸunuz var kayÄ±tsÄ±z kalmanÄ±za diyecek sÃ¶z bulamÄ±yorum."
1,sizi Ã§ok kÄ±skandÄ±m :)
2,AynÄ± zamanda Ä°ngilizceâ€™de Tardis sÃ¶zlÃ¼ÄŸe girmiÅŸ bir kelime. AnlamÄ± iÃ§i dÄ±ÅŸÄ±ndan bÃ¼yÃ¼k nesne. ğŸ˜Š
3,Sondaki aglayan melek ğŸ˜¢ğŸ˜¢ğŸ˜¢
4,ÃœrÃ¼nÃ¼n yapÄ±m atÃ¶lyesinde Ã§alÄ±ÅŸtÄ±m barÄ±ÅŸ abi Ã§ok kaliteli malzeme
5,i don&#39;t wanna go.
6,Yeni Doktorumuz barÄ±ÅŸ Ã–zcan â¤
7,Ä°zlediÄŸim en iyi videolardan biriydi. Tardis hepimizin hem aklÄ±nda hem kalbinde unutulmaz bir yoldaÅŸ! Seni Ã§ok kÄ±skandÄ±m.
8,"Fringe dizisinide tavsiye ederim, hayata karÅŸÄ± bakÄ±ÅŸÄ±nÄ±z Ã§ok deÄŸiÅŸecek..."
9,"Not a frequent commenter, but I am currently freaking out. My favourite educational Youtuber is also a DW fan? Literally screaming as I watch this. Your Tardis is beautiful, but I want to especially comment on the editing in this video because it was phenomenal. I don&#39;t even know what was the best part of it, me screaming its smaller on the outside before Clara came on the screen, or all the soundtracks, or the weeping angle at the end, or matt smiths voice reminding us of the dangers? Truly wonderful.  Thank you for this video."
10,â¤â¤â¤
11,Doctor Who fanlarÄ±nÄ±n hayali. KÄ±skanmamak elde deÄŸil ğŸ¥²ğŸ¥°ğŸ˜
12,"Busypod firmasÄ± ancak bu ÅŸekilde dÃ¼zenli olarak 6.47 milyon kiÅŸiye kendini tanÄ±tÄ±r, bir reklam ancak bu kadar gÃ¼zel yapÄ±lÄ±r. Bu videoyu yayÄ±nlandÄ±ktan yaklaÅŸÄ±k 1 ay sonra izledim ama marka aklÄ±mda kaldÄ±. AslÄ±nda fiyatlardan haberim yok inceleyeceÄŸim ama bir tane evimin iÃ§erisinde bir koltuk bir masa sÄ±ÄŸacak ebatta yaptÄ±rmak istiyorum hayat o kadar karmaÅŸÄ±k ve boÅŸ gÃ¼rÃ¼ltÃ¼lerin iÃ§ine girdi ki Ã§oÄŸu zaman bende sessizliÄŸin tadÄ±nÄ± Ã§Ä±karmak istiyorum. Ã‡oÄŸu zaman ÅŸehir dÄ±ÅŸÄ±na Ã§Ä±kmayÄ± denesem bile Ã¼zerimden geÃ§en uÃ§aÄŸa &#39;&#39;Biraz yavaÅŸ yavaÅŸ, kafa dinlemek iÃ§in buraya geldim sende beni mi takip ettin&#39;&#39; diyerek baÄŸÄ±rdÄ±ÄŸÄ±m bol kÃ¼fÃ¼rlÃ¼ tek kiÅŸilik protestolarÄ±mÄ± Ã¼zÃ¼lerek sÃ¶ylÃ¼yorum kimse duymadÄ± sinirlerime bozacak ÅŸekilde ardÄ±ndan Ã¼lke hava sahasÄ±nÄ± kullanacak tÃ¼m uÃ§aklarÄ±n mecburi geÃ§iÅŸ gÃ¼zergahÄ± benim sessizlik iÃ§in bulunduÄŸum yÃ¶ne yÃ¶nlendirildiler sanki. DiÄŸer deyiÅŸle buradan geÃ§ersen TC&#39;nin her yerine geÃ§ebilirsin buradan geÃ§mezsen savaÅŸ uÃ§aklarÄ±nÄ± kaldÄ±rÄ±p sizi vururuz demek istediler sanki."
13,Nice mutlu yÄ±llara
14,"<a href=""https://www.youtube.com/watch?v=7DFs2WifolI&amp;t=0m45s"">0:45</a> arka sokaklar"
15,Benden bÃ¼yÃ¼k abim ve ablalarÄ±m daha ben Ã§ok kÃ¼Ã§Ã¼kken izliyorlardÄ± ve bazÄ± bÃ¶lÃ¼mlerini bana da aÃ§Ä±yorlardÄ±. O yÃ¼zden Ã§ocukluÄŸumun dizisi diyebilirim. GeÃ§en yaz hepsini bu sefer dÃ¼zenli bir ÅŸekilde izledim ve en sevdiÄŸim dizi. Bence aksiyon ve eÄŸlence kÄ±smÄ± Ã¶n planda olsa da aslÄ±nda felsefi bi dizi. Beni bir Ã§ok alanda Ã§okÃ§a etkiledi. <br>Sondaki AÄŸlayan meleÄŸi gÃ¶rÃ¼nce gerÃ§ekten bi korktumğŸ˜…
16,"<a href=""https://www.youtube.com/watch?v=7DFs2WifolI&amp;t=11m34s"">11:34</a> Weeping angel gÃ¶ndermesi Ã§ok iyiydi"
17,Yaa bu benim en sevdigim dizi. Telefonum bile jenerigiyle Ã§alÄ±yor. Videonuzu gÃ¶rÃ¼nce gÃ¶zlerim doldu. Hemen izliyorum.
18,Berbat
19,"Video Ã§ok gÃ¼zel olmuÅŸ.Benim de kendim yaptÄ±ÄŸÄ±m fan made bir Doctor Who dizim var.<br><br><br>Konusu:En sonki zaman savaÅŸÄ±nda saÄŸlÄ±k durumu cok kÃ¶tÃ¼ olan Doktor,Tardis tarafÄ±ndan 150 yÄ±llÄ±k bir komaya yatar.O sÄ±rada yeni bir rejenarasyon iÃ§in Doktora beden seÃ§ilir.En sonunda doktora 15 yaÅŸÄ±ndaki bir ergen vÃ¼cudu <a href=""http://verilir.ve/"">verilir.Ve</a> Doktor bu bedene rejenarasyon geÃ§irir.Sonra bur gÃ¼n Doktor bu komadan uyanÄ±r ve ilk baÅŸta yeni erkek ergen vÃ¼cuduna alÄ±ÅŸmakta zorlanÄ±r ama daha sonrasÄ±nda Ã§ok bur sÄ±kÄ±ntÄ± Ã§ekmez.Neyse sonra Gallifrey KaaabasÄ±na gelip orada Hayrettin Hoca,Berkay ve Cafer ile tanÄ±ÅŸÄ±r.Bu kiÅŸiler doktorun ilk yol arkadaÅŸÄ± olacaktÄ±r.SonrasÄ±nda ise Dalekler bÃ¼tÃ¼n zaman ve mekanda ne varsa her yeri istila etmeye baÅŸlar.Sonra Doltor ve ekibi TARDIS&#39;e kaÃ§arlar.Ve ilerki bÃ¶lÃ¼mlerde bir adaya gidip orada zaman be mekan problemleri iÃ§in neler yapabilceklerine bakÄ±caklar.KÄ±sacasÄ± bÃ¶yle<br><br>Serin ismi:Doctor Who:Minute Hand Pendulum ÅŸu an yalnÄ±zca iki bÃ¶lÃ¼m Ã§ektim.VideolarÄ±mÄ± shorst kÄ±smÄ±ndan bulabilirsiniz.Ä°yi seyirler<br><br>Ä°lk hikaye:Teen Reneration"
20,Ah be GÃ¼zelim DOCTOR WHO PETER CAPALDÄ° DEN SONRA MAHVETTÄ°LER MAALESEF DÄ°ZÄ°YÄ° HEPSÄ° FEMÄ°NÄ°STLER YÃœZÃœNDEN OLDU
21,BarÄ±ÅŸ abi Google un geliÅŸtirdiÄŸi ve GPT yi sollayacak olan GEMINI AI yÄ± bekliyoruz senden  :)))
22,"Vay be duygulandÄ±m, Doctor Who ilk izlediÄŸim diziydi. Videonun kapanÄ±ÅŸÄ± da harika olmuÅŸ. Do not blink."
23,tesekkurler
24,"BarÄ±ÅŸ Abi , iyisin"
25,AÅŸÄ±rÄ± aÅŸÄ±rÄ± beÄŸendim!! Doctor Who&#39;yu bayÄ±larak izlemiÅŸ biri olarak TÃ¼rkiye&#39;de pek fazla izleyicisi olmadÄ±ÄŸÄ± iÃ§in kendimi hep biraz yalnÄ±z hissediyordum. Serinin bÃ¶yle duyulmasÄ± Ã§ok gÃ¼zel :)
26,Ayayayyaya doctor who aÅŸÄ±ÄŸÄ± olarak bu video beni bitirdii
27,"Ã‡oÄŸumuzun Ã§ocukluÄŸu, genÃ§liÄŸi, korkularÄ±, mutluluk gÃ¶zyaÅŸlarÄ±; seriyi tamamlayÄ±pta yÄ±lbaÅŸÄ± bÃ¶lÃ¼mlerinin gelmesini beklerken hissedilen o ince heyecan ve kalp Ã§arpÄ±ntÄ±sÄ±yla yeniden ansÄ±zÄ±n karÅŸÄ±laÅŸmak mÄ± ? Hemde sayenizde âœ¨â³ğŸŒŒ teÅŸekkÃ¼rler"
28,Ne izledik ÅŸimdi reklamdan baÅŸka?
29,YAAAAAAAAAAAA Ã‡IÄLIK ATARAK Ä°ZLEDÄ°M YAAAAAAAA HARÄ°KASINIZ. ğŸ˜‚â¤ KEÅKE BENÄ°M DE TARDÄ°SÄ°M OLSA
30,BarÄ±ÅŸ abi en sonda heykelin arkasÄ±ndan gelen Ä±ÅŸÄ±k beni kÃ¶r etti.
31,DÃ¼nya dÃ¼z
32,Harry potterdaki Ã§adÄ±r gibi
33,Evet Ã§ox guzel bir dizi butun bolumlerini izledim bayiliyorum favorim
34,DON&#39;T BLINK!
35,Åuanki Ã¶ÄŸrenci ÅŸartlarÄ±mla sadece tardis anahtarlÄ±ÄŸÄ± alabilirimğŸ˜…ğŸ˜… EmeÄŸiniz ve zevklerinizin birleÅŸiminde Ã§ok gÃ¼zel ve hayal edilesi bir ÅŸey ortaya Ã§Ä±kmÄ±ÅŸ tebrik ederim ğŸ™Œ
36,cok  ğŸ––ğŸ‘½â¤
37,12-13 yaÅŸlarÄ±mdayken televizyon da denk gelip izlemeye baÅŸladÄ±ÄŸÄ±m ve 21 yaÅŸÄ±ma yani ÅŸu ana kadar baÅŸa sarÄ±p sarÄ±p izlediÄŸim dizidir Doctor Who. Ã‡ocukken her kalp kÄ±rÄ±cÄ± olay olsun Ã§ok sevinÃ§li olduÄŸun Bi gÃ¼n olsun birilerine gidip anlatmak istermÅŸsin yeni Ã¶ÄŸrendim Ã§Ã¼nkÃ¼ benim hayatÄ±mda Ã¶yle Bi insan yoktu. Hep kendi kendimi iyileÅŸtiriyordum. Bu yaÅŸÄ±mda fark ettim ki benim bu Ã¶zel &#39;insanÄ±m&#39; Doctor. :&#39;)
38,BarÄ±ÅŸ Ã¶zcan bu iÅŸi Ã§ok geliÅŸtirdi
39,SayÄ±n barÄ±ÅŸ bey bana ufak bir panik atak yaÅŸattÄ±nÄ±z. <br>Ben o melek bÃ¶lÃ¼mÃ¼nÃ¼ izlerken her seferinde korkudan titreyerek aÄŸlÄ±yorum. Bir de aÄŸlayan meleklerin tekrar Ã§Ä±ktÄ±ÄŸÄ± bir bÃ¶lÃ¼m vardÄ±. Tam bir travma benim iÃ§in.
40,gÃ¼neÅŸte aÃ§Ä±lan delik hakkÄ±nda video beklemekteyiz Sn. Ã–zcan
41,En sevdiÄŸin doctor who ?
42,Harika bir video olmuÅŸ â¤
43,Benim en sevdiÄŸim doctor  9th christopher eccleston
44,en sondaki abla kimdi
45,En sevdiÄŸim dizilerden ya
46,inanÄ±n bana doctor who izleyebileceÄŸiniz en iyi bilim kurgu dizisidir. daha iyisi gelmedi gelemez. Doctor who ya ortaokulda baÅŸlamÄ±ÅŸtÄ±m ve bilimi bana o kadar Ã§ok sevdirdi ki ÅŸu an uzay bilimleri okuyorum. herkesin bir doktora ihtiyacÄ± vardÄ±r ;)
47,BÃ¶yle bir odada ne gÃ¼zel uyunur ÅŸimdi he
48,15 yÄ±ldÄ±r izliyorum aÄŸlayan melekler bÃ¶lÃ¼mÃ¼ oscar almalÄ±Ä±Ä±Ä±
49,BarÄ±ÅŸ abi gezegenler yuvarlak mÄ± yoksa dÃ¼z mÃ¼ diye bir video yaparmÄ±sÄ±n? Merak ediyorum yuvarlak olduÄŸu sÃ¶yleniyor gÃ¼neÅŸte dahil video yaparmÄ±sÄ±n doÄŸru mu deÄŸil mi diye rica ediyorum ğŸ¥ºğŸ¥º
50,Bedavadan tardis yada sessizlik kutusuna sahip olmak ğŸ‘ğŸ‘ğŸ‘
51,"Sevgili BarÄ±ÅŸ Ã–zcan, yÄ±llardÄ±r TÃ¼rkiye&#39;de Ã§ok fazla bilinmeyen, sÃ¶ylediÄŸimde insanlarÄ±n &quot;O ne ya?&quot; dediÄŸi ama benim Ã§ok bÃ¼yÃ¼k bir hayranlÄ±kla hem kendim hem Ã§evremdekilere zorla sevdirdiÄŸim bu MuhteÅŸem Ã–tesi dizinin sizin gibi Ã¼lkemize Ã§ok ÅŸey katmÄ±ÅŸ ve bir Ã§ok insana sesini duyurabilecek bir kanal tarafÄ±ndan paylaÅŸÄ±lmasÄ± benim iÃ§in o kadar Ã¶nemli ki anlatamam. Ä°nanÄ±n videonun sonlarÄ±na yaklaÅŸÄ±rken gÃ¶zlerim doldu, arkaplan mÃ¼ziÄŸi olarak Doctor Who&#39;muzun mÃ¼ziÄŸini koymanÄ±z ise iÃ§imde bir ÅŸeyleri depreÅŸtirdi inanÄ±n. Jodie Whittaker sonrasÄ± olan bÃ¶lÃ¼mleri her ne kadar fazla izlememiÅŸ olsam da yÄ±llarÄ±n bende bÄ±raktÄ±ÄŸÄ± naÃ§izane diziyi sizin gibi bir Ä°dol&#39;Ã¼n izlemesi ve paylaÅŸmasÄ± inanÄ±n Ã§ok mutluluk verici. Ã‡ok teÅŸekkÃ¼r ederim :)"
52,BÃ¼tÃ¼n bir videoyu mÃ¼thiÅŸ bir zevkle izledim ve sonunda aÄŸlayan melek olmasÄ± ayrÄ±ca David Tennantâ€™Ä±n o efsane uyarÄ± repliÄŸiyle videonun sona ermesi videoyu gerÃ§ek bir baÅŸyapÄ±ta dÃ¶nÃ¼ÅŸtÃ¼rmÃ¼ÅŸ gecenin bu saatinde kalkÄ±p izleyesim geldi en baÅŸÄ±ndan
53,Yani sÃ¶yle ki ne yazacaÄŸÄ±mÄ± dahi bilmiyorum Ã§Ã¼nkÃ¼ kelimeler kifayetsiz kalÄ±yor. Videoyu izlerken nefesim kesildi. MÃ¼thiÅŸ birr video olmuÅŸ eline aÄŸzÄ±na saÄŸlÄ±k BarÄ±ÅŸ abi.
54,"Selam BarÄ±ÅŸ Bey, teknolojiyi bÄ±rakÄ±p doÄŸaya dÃ¶nmeye Ã§aÄŸÄ±ran bir kitap yazdÄ±m, sana gÃ¶nderir isem, tanÄ±tÄ±mÄ±nÄ± yapar mÄ±sÄ±n?"
55,Ã§ok eskiden beri izlerim. bÃ¶ylesine bir dizi yeterince bilinmiyor
56,tÃ¼ylerim Ã¼rperdi doctor who sevgim kabardÄ± teÅŸekkÃ¼r ederiz..
57,Videonun sonunda ki dediÄŸiniz gibi Donâ€™t Blink ğŸ˜ Ne bÃ¶lÃ¼mdÃ¼ ama
58,allah kahretsin Ã§ok kÄ±skandÄ±m
59,Bence BarÄ±ÅŸ Abi Zaman Yolcusu Saklama ArtÄ±k ğŸ˜‚
60,"<a href=""https://www.youtube.com/watch?v=7DFs2WifolI&amp;t=09m52s"">09:52</a> Ãœstelik ne demek ya, spesifik konularda ISO standardÄ± olmayan markalarÄ±n Ã¼rÃ¼nlerini kullanan insan kaldÄ± mÄ± cidden gÃ¼nÃ¼mÃ¼zde, zaten must."
61,Offffff adamsÄ±n BarÄ±ÅŸ Ã–zcan adammmm. YaÅŸÄ±yosun bu hayatÄ± reis. AÄŸzÄ±n bal yiye bal bal. Bekliyoruz yeni videolarÄ±nÄ±.
62,BarÄ±ÅŸ Ã–zcan olabilmek gercekten cok buyuk bir ayricalik imrenerek takip ettigim tek kisisiniz
63,Abi sen bu kadar bilgiyi nasÄ±l ediniyon
64,TescillenmiÅŸ zaten ama dÃ¼nyanÄ±n en iyi dizisi. Dw evreni Ã§ok baÅŸkaâ¤
65,"Doctor Who en sevdiÄŸim bilim kurgu dizilerinden bir tanesidir. Eski sezonlarÄ± ve Yeni sezonlarÄ± adeta bir baÅŸyapÄ±t. YalnÄ±z, eÄŸer baÅŸlayacaksanÄ±z, sadece 1 ile 10. sezonlar arasÄ±nÄ± izleyin. 10. sezondan sonra hemen bÄ±rakÄ±n ve dahasÄ±nÄ± sakÄ±n izlemeyin. Maalesef Doctor Who&#39;nun sahibi olan BBC son zamanlarda &quot;Woke Culture&quot; denen bir ajendayÄ± diziye tamamen entegre etmiÅŸ durumda ve dizinin kalitesi 90% dÃ¼ÅŸtÃ¼.<br>Onun dÄ±ÅŸÄ±nda en sevdiÄŸim Doktor 12. Doktordur ve kendisi Doktorun kendisine en yakÄ±n olan karakter bence.<br><br>1 - 10. sezonlar arasÄ± gerÃ§ekten mÃ¼kemmel bir dizi. Dizinin 60.yÄ±ldÃ¶nÃ¼mÃ¼nde bÃ¶yle bir ÅŸey yaptÄ±rman da harika olmuÅŸ BariÅŸ abim. Eline saÄŸlÄ±k."
66,Ã‡ok gÃ¼zel Ã§oook ğŸ™ğŸ»ğŸ¤˜ğŸ»ğŸ¤˜ğŸ»
67,Doctor Who benim ilk izlediÄŸim dizilerden birisi ve yeri Ã§ok farklÄ± bende ancak son sezonlarÄ±n hiÃ§bir ilgi Ã§ekiciliÄŸi olmadÄ±ÄŸÄ± iÃ§in izleyememem Ã¼zÃ¼cÃ¼ bir durumÃ§ Sondaki aÄŸlayan melek gÃ¶sterimide Ã§ok hoÅŸ olmuÅŸ ::)
68,Ã§ok kÄ±skandÄ±m Ã§ok...
69,14yasimda izlemeye baslamistim mukemmel saheser
70,inanÄ±lmaz
71,Dizi sevdim.
72,MeleÄŸi gÃ¶rÃ¼nce iÃ§im Ã¼rperdi. O bÃ¶lÃ¼mde Ã§ok korkmuÅŸtum.
73,YÃ¼zÃ¼me bak
74,"<a href=""https://www.youtube.com/watch?v=7DFs2WifolI&amp;t=11m39s"">11:39</a> &quot;blink&quot; favori bÃ¶lÃ¼mlerinden biri ğŸ¤©"
75,bu sayede istihbaratlar da Ã–ZEL kayÄ±tlarÄ±mÄ±zÄ± dinleyemez di mi barÄ±ÅŸ ABÄ° ! gÃ¼zel kÄ±lÄ±f koÃ§....
76,Mehmet abi = osman olm la tuvalet var burda gel :D
77,ğŸ‘Yenl sdtyonuz hayirli uÄŸurlu olsun siz alylece ve ekibinizle nice nice saÄŸlÄ±k sihatli Ã§alÄ±ÅŸmalar diliyorum BarÄ±ÅŸ abi
78,Ben de dedim ki dizi yeniden baÅŸlÄ±yor Ã§ok mutlu oldum bir an sonra baÅŸlamadÄ±ÄŸÄ±nÄ± anladÄ±m Ã¼zÃ¼ldÃ¼m ama Ã§ok iyi bir fikir geldi aklÄ±ma teÅŸekkÃ¼r ederim barÄ±ÅŸ Ã¶zcan iyiki varsÄ±n
79,Ä°nsallah siz de bu kucuk kabinin icinde buyuk calismalar yaparsin.Dizidegi gibi ici disindan buyuk.ğŸ˜Š
80,"Ä°Ã§i dÄ±ÅŸÄ±ndan daha bÃ¼yÃ¼k tamam ama bu komik deÄŸil, ÅŸaÅŸÄ±rtÄ±cÄ± deÄŸil sadece bilim kurgu. Neden buna filmde, dizide yer verirsin ki? Muhtemelen &quot;ÅŸu olaya gÃ¶nderme yaptÄ± anlamadÄ±n mÄ±?&quot; denilerek boÅŸ bir ÅŸeyi sanki Ã§ok Ã¶nemliymiÅŸ gibi gÃ¶stermek iÃ§in."
81,Mutluluktan aÄŸlayarak izledim hayalimi gerÃ§ekleÅŸtirmiÅŸsinizâ¤ umarÄ±m birgÃ¼n benimde bir tardism olurğŸ™ğŸ»
82,Dizinin Kennedy&#39;in Ã¶lÃ¼mÃ¼nden bir gÃ¼n sonra yayÄ±n hayatÄ±na baÅŸlamasÄ± da Ä°ngilizlerin Abd baÅŸkanÄ±nÄ± pek takmadÄ±ÄŸÄ±nÄ± gÃ¶steriyor.
83,ğŸ‘Œ
84,ArkadaÅŸlar yeni sezonu izlemek istiyorum.Ama kadÄ±n doktorun olduÄŸu sezonlarda ana hikayeyi anlatan bÃ¶lÃ¼mleri izleyip devam etmek istiyorum.Hangi bÃ¶lÃ¼mleri izleyip gÃ¼ncele devam edebilirim?
85,BarÄ±ÅŸ Ã¶zcan herkesin bilmediÄŸi deÄŸil hiÃ§kimsenin bilmediÄŸi ÅŸeyleri biliyor olabilir mi :)
86,KÄ±skanÃ§lÄ±ktan geberdim
87,AklÄ±ma TARS geldi o da efsane ğŸ˜
88,"MÃ¼kemmel bir video olmuÅŸ. Dizi mÃ¼ziklerinin kullanÄ±mÄ±, diziye ait nesneler, bÃ¶lÃ¼mler... GeÃ§en yÄ±l diziyi seyrettiÄŸim anlarÄ± hatÄ±rladÄ±m. EmeÄŸinize saÄŸlÄ±k ğŸ§¡"
89,"InanmÄ±yorum ÅŸuan, tÃ¼ylerim diken diken izledim tÃ¼m videoyu. StÃ¼dyosuna gerÃ§ekten tardis getirmesinden mi etkilensem videoyu bu kadar Ã¶zenli hazÄ±rlamasÄ±ndan mÄ± bilemedim. Bir de dw den mÃ¼zikler koymasÄ± Ã§ok hoÅŸ, Ã§ok tatlÄ± bir video olmuÅŸ. 60.yÄ±l Ã¶zel bÃ¶lÃ¼mÃ¼nÃ¼ sayenizde daha bÃ¼yÃ¼k bir heyecanla bekliyorum. ğŸ¤©"
90,TÃ¼rkÃ§e dublaj lisi yok sanÄ±rÄ±m
91,"KÄ±skanÃ§lÄ±ktan Ã¶lÃ¼cem ğŸ˜‚yeni hikayelerinize yolculuk iÃ§in hayÄ±rlÄ± olsun o vakit,siz de az Dr.Who diilsinizâ¤"
92,KÃ¼Ã§Ã¼kken en bÃ¼yÃ¼k hayalim tardis kitaplÄ±ÄŸÄ±m olmasÄ±ydÄ± birilerinin benim kadar onu sevmesi Ã§ok mutlu edici
93,BarÄ±ÅŸ Ã–zcan bana Ã§ok ilham veriyor.
94,Dr. who cÄ±rt leÅŸ.
95,Reklam izletmek iÃ§in  zekice dÃ¼ÅŸÃ¼nÃ¼lmÃ¼ÅŸ ğŸ˜Š
96,Doctor Who 6. sezonda &quot;The Doctor&#39;s Wife&quot; adlÄ± bir bÃ¶lÃ¼m var. Bu bÃ¶lÃ¼mde Doktor ve Tardis&#39;in ruhu ilk kez tanÄ±ÅŸÄ±yorlar. Benim iÃ§in en Ã¶zel bÃ¶lÃ¼mlerden biriydi ve Tardis&#39;i daha da sevdirmiÅŸti bana.
97,BarÄ±ÅŸ Ã–zcan dÃ¼nya Ã§apÄ±nda en iyi youtube kanalÄ± olarak ilk 10 a giyor mu acaba? baÅŸka bir ÅŸey demiyorum. .
98,yeni bÃ¶lÃ¼mÃ¼ bulmaya Ã§alÄ±ÅŸÄ±rken denk geldim videoya ve aÅŸÄ±rÄ± kÄ±skandÄ±m ÅŸuanda
99,"tardis&#39;in iÃ§ yapÄ±sÄ±, yeni odalar oluÅŸturup bazÄ± odalarÄ± silebiliyor olmasÄ±, yolculara farklÄ± dilleri anlayabilme ve konuÅŸabilme Ã¶zelliÄŸi verebilmesi gerÃ§ekten iyi geliÅŸmiÅŸ bir yazÄ±lÄ±m imaji canlandÄ±rdÄ± kafamda, aynÄ± sanal bir dÃ¼nya olan metaverse evreni gibi. bence metaverse geliÅŸtikÃ§e ve kullanÄ±mÄ± yaygÄ±nlaÅŸtÄ±kÃ§a o da bir bakÄ±ma tardis gÃ¶revi gÃ¶recektir, tabii zamanda yolculuk kÄ±smÄ± dÄ±ÅŸÄ±nda.. gerÃ§i kim bilir, belki yapay zeka bir gÃ¼n Ã¶ylesine geliÅŸir ki geÃ§miÅŸi ve geleceÄŸimizi sanal gerÃ§eklikte kurgulayabilen bir yapÄ± haline gelir.. mutlaka izleyeceÄŸim bu diziyi, emeÄŸinize saÄŸlÄ±k ğŸ¤"
100,Ben sizi acayip kÄ±skandÄ±m ÅŸimdi. Benim de birgÃ¼n TARDÄ°S&#39;im olacakğŸ˜ sondaki mÃ¼zik de hep zaten yÃ¼reÄŸÄ±mi hopladÄ±r
101,AklÄ±ma ÅŸu geldi hepimiz dede olacaz sen yine dede halinde bir ÅŸey anltÄ±can bizde dede olarak seni dinlicez
102,EVE TARDÄ°S TASARLTIP KURDURMAK SÃœPER FÄ°KÄ°R..
103,Sonundako gÃ¶zÃ¼nÃ¼ bile kÄ±rpmamak doktor who&#39;nun 3.sezon 11.bÃ¶lÃ¼mÃ¼nde heykellerle iÅŸlenen bir konu. HarikasÄ±n BarÄ±ÅŸ Ã–zcanâ¤
104,Daha kÃ¼Ã§Ã¼k iken minecraft lets play youtuberlarÄ±nÄ±n kullandÄ±ÄŸÄ± modlarda vardÄ± :) Kim bilir yÄ±llar sonra burada bunu Ã¶ÄŸrenecektik.
105,Doktor who izleyen kim kaldÄ± benden baÅŸka?
106,Sondaki aÄŸlayan melek gÃ¼zel gÃ¶ndermeydi
107,TARDÄ°SğŸ˜¢.  FAVORÄ°M MATT SMÄ°TH
108,abi yine yapmÄ±ÅŸsÄ±n.. bravo
109,Abi yaÅŸÄ±yorsun bu hayatÄ± ğŸ‘ğŸ‘ğŸ‘
110,Bence hollywood ile yarÄ±ÅŸÄ±r.
111,Uzun sÃ¼redir seni takip ediyorum sana bir sorum olacaktÄ± ben de birÃ§ok yeri birÃ§ok Ã¼lkeyi gezdim aslen kilisliyim malum Suriye sÄ±nÄ±rÄ±na yakÄ±n bir ÅŸehir ve birÃ§ok ÅŸey Ã¼lkeye arabayla geziyorum tarÄ±msal tÃ¼m yollara ve ÅŸehirlere aslen Almanya&#39;da yaÅŸÄ±yorum sviÃ§re&#39;ye Ä°talya Romanya Suriye sÄ±nÄ±rÄ± Hindistan ve birÃ§ok Ã¼lkede turuncu kablo dÃ¶ÅŸeniyor tarlalara ve yollara dÃ¼nyanÄ±n her yerine bu kablo neden dÃ¶ÅŸeniyor ben internette bir ÅŸey bulamÄ±yorum ama en son Kilis&#39;te sÄ±nÄ±ra yakÄ±n olan annemin tarlasÄ±nda yanÄ±na kadar bu kabloyu dÃ¶ÅŸediler ve Almanya&#39;da daÄŸlÄ±k bir yerde yaÅŸÄ±yorum aynÄ± kablo kapÄ±mÄ±n Ã¶nÃ¼ne kadar dÃ¶ÅŸendi gerÃ§ekten Hindistan&#39;da bile gÃ¶rdÃ¼m ama en son en zor yollarÄ±nda bir aÃ§Ä±klama herhangi bir ÅŸey bulabilirseniz dÃ¶nerseniz sevinirim
112,meleklere avcÄ± neden dedÄ±n onu anlamadÄ±m bu kelÄ±me bana olumsuzluÄŸu Ã§aÄŸrÄ±ÅŸtÄ±rdÄ± haklarÄ±nda kÃ¶tumu dusunuyorsun
113,Nasreddin ismi Nasreddin Tusiden dolayÄ± olmasÄ±n?
114,"<a href=""https://www.youtube.com/watch?v=7DFs2WifolI&amp;t=6m35s"">6:35</a> Nasreddin hoca deÄŸil, Nasreddin Tusi ( AzerbaycanlÄ± bilim adamÄ±) adÄ±nadÄ±r o krater."
115,"en bÃ¼yÃ¼k hayalim evimde ÅŸÃ¶yle bir TARDIS bulunmasÄ±, ben hep kÃ¼tÃ¼phane olarak kullanÄ±rÄ±m diye dÃ¼ÅŸÃ¼nmÃ¼ÅŸtÃ¼m ama bu fikir de senin iÃ§in Ã§ok iyi olmuÅŸ BarÄ±ÅŸ abi. bu seriye 11-12 yaÅŸlarÄ±mdan beri aÅŸÄ±ÄŸÄ±m ve her yÄ±l bÄ±kmadan tekrar tekrar izliyorum. sevdiÄŸini bilmek Ã§oook mutlu etti &lt;3"
116,Doctor whooâ¤â¤â¤â¤â¤â¤â¤â¤â¤â¤â¤â¤â¤â¤â¤â¤â¤â¤â¤(dontblink)
117,KadÄ±nlarda Ã¶yle iÃ§i dÄ±ÅŸÄ±ndan daha bÃ¼yÃ¼k
118,"LÃ¼zumsuz iÅŸ, Ã§aba."
119,uzun zamandÄ±r doctor who izlemiyordum bu hatÄ±rlatma bana iyi geldi
120,Amerikan kÃ¼ltÃ¼rel emperyalizminin gÃ¶nÃ¼llÃ¼ kabulÃ¼.
121,"Tam da bugÃ¼n reklamcÄ±lÄ±k sektÃ¶rÃ¼nÃ¼n ne kadar berbat halde olduÄŸunu dÃ¼ÅŸÃ¼nÃ¼yordum ki gÃ¼zel bir reklam yedim.. Oyun oynarken belki 50 defa reklam gÃ¶rdÃ¼m, hepsinde kafamÄ± Ã§evirip baÅŸka ÅŸeyle ilgilendim, reklamÄ±n ne olduÄŸunu bile hatÄ±rlamÄ±yorum.. Ama videoda firmanÄ±n busypod olduÄŸu giydikleri tiÅŸÃ¶rtten kazÄ±ndÄ± aklÄ±ma.. GÃ¼zel bir taktik, reklamcÄ±lÄ±k iÃ§in.. Ã–nce esrarengiz hava vererek izleyiciyi ekrana kilitlemek ve o esrarengiz ÅŸeyleri anlatÄ±rken firmadan yararlandÄ±ÄŸÄ±nÄ± sÃ¶ylemek.."
122,Bu adam Ã¶yle bir adamki girdiÄŸi her ortamda sizi aptal gibi hissetirmeyi baÅŸarÄ±yor
123,"<a href=""https://www.youtube.com/watch?v=7DFs2WifolI&amp;t=6m31s"">6:31</a> Uydunun merkezi orasÄ±ysa demek."
124,DÄ±ÅŸÄ± iÃ§iyle aynÄ± boyuttağŸ¤¨ğŸ˜
125,bir bildirim bu kadar mutlu edebilirdi. bu iki ay tekrar izleme seruvenimi baÅŸlamÄ±ÅŸtÄ±m ve baya etkisindeydim. ustune bu video beni cok sevindirdi. bu diziyi izleyen harika anlayÄ±ÅŸa sahip bir TÃ¼rk kitlesinin olduÄŸunu da yorumlardan Ã¶ÄŸrenmiÅŸ oldum. teÅŸekkÃ¼rler barÄ±ÅŸ ozcan
126,Ä°lk defa Ã§ok sÄ±kÄ±ldÄ±m anlatmizidan
127,Ä°lk defa bir ÅŸeyi bukadar kÄ±skanÄ±yorum... ğŸ˜®
128,11 ve 12 . Doktor favorimdi â¤
129,@BarisOzcan    Nasreddin Tusi degilmiydi o hocam?MÉ™ncÉ™ NÉ™srÉ™ddin Tusidir.
130,BarÄ±ÅŸ Ã¶zcan abi Ã§ok kaliteli iÃ§erik Ã¼retiyorsun
131,heykeli gÃ¶rÃ¼nce gÃ¶zlerimi aÃ§tÄ±m
132,Ã‡ok iyi be :) ğŸ‘
133,"7000 USD bu orjinal boyuttaki TARDIS&#39;in fiyatÄ± internette satÄ±ÅŸta haaa daha uygun fiyata da alÄ±nmÄ±ÅŸ olabilir sadece tahmini bu yorumum, ancak bunu alabiliyorsa BarÄ±ÅŸ Ã–zcan varÄ±n siz hesaplayÄ±n yutÃ¼p kazancÄ±nÄ± vay anasÄ±na sayÄ±n seyircilerğŸ˜® Helali hoÅŸ olsun ne diyeyim gÃ¶zÃ¼mÃ¼z yok, varmak istediÄŸim nokta bir yÄ±llÄ±k asgari Ã¼cretin toplamÄ±na denk!!! Yoksa banane ne kadar kazanmÄ±ÅŸ ya da kaÃ§ bin dolara almÄ±ÅŸ, Ã‡ok Ã¼zÃ¼cÃ¼ olan da.bu maalesef, dÃ¼nyanÄ±n bir yerinde insanlar bir yÄ±l Ã§alÄ±ÅŸarak bunu alÄ±rken, bir baÅŸka yerinde imkanÄ± dahilinde anÄ±nda bunun sipariÅŸini verebiliyor!"
134,Benim gibi doctor who hayranlarÄ±na selamlar
135,"Her konu bir sponsor a baÄŸlanÄ±yor, tabi sponsor olsun ama bu ÅŸekilde"
136,YÄ±llardÄ±r hayalÄ±m kÃ¼Ã§Ã¼k bir tardisimin olmasÄ±ydÄ± BarÄ±ÅŸ abi odasÄ±na gerÃ§eÄŸini yaptÄ±rmÄ±ÅŸ
137,MÃ¼thiÅŸÅŸÅŸ
138,"Ayy en sevdiÄŸim dizilerden.. Ã‡ocukken gÃ¶k yÃ¼zÃ¼ne Tardis&#39;i gÃ¶rme umuduyla baktÄ±ÄŸÄ±m zamanlarÄ± hatÄ±rladÄ±m. Geceleri zamanda yolculuk ettiÄŸimi hayal ederdim. Ä°tiraf edeyim hÃ¢lÃ¢ bÃ¶yleyim ahsdf. BayÄ±ldÄ±m yeni stÃ¼dyonuza, ÅŸimdi podcastinizi dinlerken oradan kaydedilmiÅŸ olduÄŸunu bilmek ayrÄ± bir heyecan olacak. Video iÃ§in teÅŸekkÃ¼rlerrr &lt;3"
139,"<a href=""https://www.youtube.com/watch?v=7DFs2WifolI&amp;t=11m00s"">11:00</a> dan sonrasÄ± o kadar iyi ki. TÃ¼m Doctor Who HayranlarÄ±nÄ±n  eminim tÃ¼yleri Ã¼rpermiÅŸtir ve aÅŸÄ±rÄ± mutlu olmuÅŸtur. DetaylarÄ±n HastasÄ±yÄ±z TeÅŸekkÃ¼rler BarÄ±ÅŸ Ã–zcan. KulÃ¼beyi ziyaret etme imkanÄ±mÄ±z olsa keÅŸke :)"
140,Yeni stÃ¼dyonuzda bu videounuzda mÃ¼fettiÅŸ gadgettan bahsetmenizi de bekledim saygÄ±lar.
141,En sevdiyim 11.doktor (12. biraz) ve Clara
142,GerÃ§ekten reklamda 1 numarasÄ±n uzaylÄ± mÄ±sÄ±n dedirten cinsten ğŸ˜Š
143,YaramÄ±zÄ± deÅŸme birader ya mahvettiler diziyi!ğŸ˜¢ Bu sezon kurtarÄ±rsa kurtarÄ±r.
144,Son sahnede kalp ritmim tavan yaptÄ±
145,aÄŸlayan meleklerrrrrr
146,Ray-Ban Meta! GÃ¶re gÃ¶re kullan
147,bir doctor who sever olarak kapaÄŸÄ± gÃ¶rdÃ¼ÄŸÃ¼m anda geldim
148,Nasreddin who
149,&lt;33
150,harika olmuÅŸ
151,"KeÅŸke iÃ§i dÄ±ÅŸÄ±ndan bÃ¼yÃ¼k olsaydÄ±, aÅŸÄ±rÄ± kiskanirdim ozaman ğŸ˜‚, o nasÄ±l olacak ablam be ciler iÃ§in aÃ§Ä±klama yapayÄ±m , oda kapÄ±sÄ± gibi dÃ¼ÅŸÃ¼nÃ¼n, yani Ã§evre duvarlar Tardis arka sÄ±nÄ±rindan baÅŸlasa tamamdi , Ã§Ä±kÄ±ntÄ±li kapÄ± gibi....."
152,Arkadaslar cok iyi bir makine 12 boyutlu verim akina si olmasi cok iyi telefon klubesine benziyor ama ici  nasil sizce
153,Vay beee yaklaÅŸÄ±k 2 yÄ±l Ã¶nce 11. Sezonun baÅŸlarÄ±nda bÄ±rakmÄ±ÅŸtÄ±m izlemeyi ÅŸuan ne kaddar Ã¶zlediÄŸimi fark ettim.. :&#39;)
154,Reklam iÃ§in kurgulanan videoya disslike ğŸ‘ğŸ¼
155,Doctor who severek izliyordum ama google da izledigim bÃ¶lÃ¼mlerde kaldÄ±ÄŸÄ±m yerden izleyemiyorum netflix gibi Ã¶nerebileceÄŸiniz bir platform var mÄ±
156,video sonundaki melek efsane olmuÅŸ :)
157,Abi iÃ§eriklerini artÄ±k beyenemiyorum.
158,Abi frenleri aÃ§Ä±k unutmuÅŸsun ondan Ã§ok ses yapÄ±yor haberin olsun ğŸ˜‚
159,bu ne beee
160,Bir doctor who fani olarak sÃ¶ylÃ¼yorum videonun sonunda aÄŸlayan melek olmasÄ± ve david tennantin tiradini koymaniz Ã§ok hosuma gitti. Ve modern sezonlarin en iyi doktoru da David Tennant&#39;tÄ±r bana gÃ¶re.
161,"Videoya Ã§ok gÃ¼zel yedirmiÅŸsin reklamÄ±, valla helal olsun."
162,"Hayallerimden biri kesinlikle evimde tardis olmasÄ± ve bunun yapÄ±ldÄ±ÄŸÄ±nÄ± gÃ¶rmek, Ã¶zellikle ofis gibi olmasÄ± kesinlikle mÃ¼kemmel bir ÅŸey. BayÄ±ldÄ±m gerÃ§ekten, emeklerinize saÄŸlÄ±k"
163,son bir senedir iÃ§eriklerini reklamÄ±nÄ± yapacaÄŸÄ±n Ã¼rÃ¼ne gÃ¶re ayarlaman Ã§ok zekice dostum
164,who ayaÄŸÄ±na iyi reklam yaptÄ±n dostum
165,"Ã‡ocukluÄŸum benim Doctor Who, bu videoyu hazÄ±rladÄ±ÄŸÄ±n iÃ§in teÅŸekkÃ¼r ederim. Ä°zlemesi Ã§ok eÄŸlenceliydi ğŸ’™"
166,Åuan sizden nefret ettim tardisiniz oldugu icinğŸ‘¿
167,GÃ¶rdÃ¼ÄŸÃ¼m en epik sponsorlu video olmuÅŸ ya harika
168,Volkswagen ğŸ¢ default shape olsa iyi olurmuÅŸğŸ˜‚ GÃ¼le gÃ¼le kullanÄ±n.
169,Sana olan hayranlÄ±ÄŸÄ±m normalde zamanla azalmasÄ± gerekirken (normalde bÃ¶yle olur.) daha da artÄ±yor. Seviliyorsun.
170,Dr Who en beÄŸendiÄŸim yapÄ±mlar arasÄ±nda birinci sÄ±rada :) gÃ¼zel anlatmÄ±ssÄ±n. en eski serisinden iht bastan sevdiÄŸim biriyle izlemek istiyorum yeniden :) gerÃ§i bir ara araÅŸtÄ±rmÄ±ÅŸtÄ±m Ã§ok eskilere gidemedim ama giden  varsa link atabilir ::)
171,Dizi sanÄ±rÄ±m anlattÄ±ÄŸÄ±nÄ±z kadarÄ±yla Ã§ok hoÅŸuma gitti gibi. TeÅŸekkÃ¼rler. Ä°zlemeyi dÃ¼ÅŸÃ¼nÃ¼yorum.
172,Ã§ook iyii
173,BarÄ±ÅŸ abi sizde bir Ã¶ÄŸretmen sayÄ±lÄ±rsÄ±nÄ±z Ã¶ÄŸretmenler gÃ¼nÃ¼nÃ¼z kutlu olsun ğŸ˜Š
174,"Doctor who en sevdiÄŸim dizilerdendir. Bununla ilgili bir iÃ§erik epeydir karÅŸÄ±ma Ã§Ä±kmÄ±yordu Ã¶zellikle dizinin son sezonlarÄ± senaryo olarak hayal kÄ±rÄ±klÄ±ÄŸÄ±na uÄŸratmÄ±ÅŸtÄ±, bu video tekrar izleme isteÄŸimi alevlendirdi."
175,"12 dakika nasÄ±l geÃ§di bilemedim. Ä°zledikce ekrana kitleye gÃ¼zel insan, Ã¶yretimin iÃ§in sonsuz teÅŸekkÃ¼r ederim !"
176,"dont blink gÃ¶ndermesi, tardis... tÃ¼m videoyu gÃ¼lÃ¼mseyerek izledim"
177,"ReklamlarÄ± izlediniz, ÅŸimdi daÄŸÄ±labilirsiniz..."
178,Videonun kapanÄ±ÅŸÄ± beni benden aldÄ±. Whovian olarak Ã§ok etkilendim. EmeÄŸine saÄŸlÄ±k BarÄ±ÅŸ abi
179,ArtÄ±k eskisi gibi ilgimi Ã§eken icerikler olmuyor. Eskiden heyecanla yeni bir video yayÄ±nlamÄ±ÅŸ dediÄŸim kanal ÅŸimdi baÅŸlÄ±ÄŸa bakÄ±p geÃ§iyorum. Gereksiz bir muhabbet gibi geliyor. Ya ben yaÅŸlandÄ±m ya da kanal
180,Allah yok. Din yok. Cennet yok. Cehennem yok
181,"<a href=""https://www.youtube.com/watch?v=7DFs2WifolI&amp;t=11m27s"">11:27</a> Darth vader vs obi-wan sahnesini hatÄ±rlattÄ±."
182,12 dakika reklam izledim harika bir reklamdÄ± :)
183,Tardisin ici o kadar buyuk ki icinde guc kaynagi olarak patlayan ve bunu devamli olarak yapan bir yildiz var. Ve bu yildizi gozlemlemek icin bir camekan var  bu camekan gozlemcileri guvenli bir mesafede tutmasi icin yildizdan &quot;heralde en az venusle gunes arasi kadar&quot; uzaklikta.  Simdi dusunun bir yildiz ve en az venus kadar bir mesafe deki uzay ve bu sadece bir guc kaynagi odasi ?
184,AÅŸÄ±ÄŸÄ±m ve bu diziye
185,En sevdiÄŸim dizi :&#39;)
186,"Abi karÄ±n hiÃ§ demiyomu yine gece gece baÅŸÄ±mÄ±za icat Ã§Ä±karma, polis kulÃ¼besinin evde ne iÅŸi var, Ã§ocuk musun diye :D"
187,"BirkaÃ§ gÃ¼n Ã¶nce arkadaÅŸÄ±mdan 3D yazÄ±cÄ±sÄ±yla bana TARDÄ°S basmasÄ±nÄ± istemiÅŸtim. BugÃ¼n son baskÄ±sÄ± bitti ve bir baktÄ±m bu video Ã¶nÃ¼me dÃ¼ÅŸtÃ¼. BÃ¶yle bir denk geliÅŸe bu video beni Ã§ok sevindirdi aÃ§Ä±kcasÄ±. 60 yÄ±ldÄ±r sÃ¼rmeye devam eden bu serÃ¼veni bilmeyen epey Ã§ok insan var. UmarÄ±m daha Ã§ok seveni olur ve bu serÃ¼ven devam eder. UmarÄ±m isteyen herkesin gerÃ§ek boyutlarda TARDÄ°S&#39;i olur ğŸ˜….En bÃ¼yÃ¼k hayallerimden biri David, Matt ve Peter Ã¼Ã§lÃ¼sÃ¼ ile tanÄ±ÅŸabilmek. UmarÄ±m bir gÃ¼n gerÃ§ekleÅŸir. Doctor Who&#39;nun 60. YÄ±lÄ± Kutlu Olsun ğŸ‰"
188,Dizinin son bÃ¶lÃ¼mÃ¼nÃ¼ izleyip karÅŸÄ±ma bu Ã§Ä±kmasÄ± ÅŸaka mÄ±
189,"Merhaba SayÄ±n BarÄ±ÅŸ Ã–zcan, videolarÄ±nÄ±zÄ± Ã§ok yakÄ±nda takib ediyorum Ã§oÄŸunuda merak ve bilimsel aÃ§Ä±da gÃ¼zel buluyorum..., bilimkurgu, uzay, genel kÃ¼ltÃ¼r konular, bizim aÃ§Ä±mÄ±zda hayranlÄ±k veriyor... bu nedenle bir kaÅŸif gibi bir araÅŸtÄ±rmacÄ± gibi ve bir eÄŸetimci gibi...vs, videolarÄ±nÄ±z insana haz bir verimlik veriyor. Ve size acizane Ã§ok fayda gÃ¶rdÃ¼ÄŸÃ¼m bir kitap tavsiye etmek istiyorum sizinde fayda gÃ¶receÄŸinize hiÃ§ bir ÅŸÃ¼phem yok. Sizin gibi bir kitap dÃ¼ÅŸkÃ¼nÃ¼, okumak zor gelmez... kitabÄ±n ismi â€œAYET-ÃœL KÃœBRAâ€ kitab kendine haz bir dil ile yazÄ±lmÄ±ÅŸ kitap maddi manevi bir bilgi donanÄ±mda dÄ±r. Kitap dini bakÄ±mÄ±ndan ve genel bir bilgi kÃ¼ltÃ¼rÃ¼ iÃ§eriyor. LÃ¼tfen kitap iÃ§in yorumunuzu bekliyecem, ÅŸimdiden size iyi okumalar umuyorum teÅŸekkÃ¼rler..."
190,Melegi gorunce tuylerim diken diken oldu be..
191,KeÅŸke benim olsa
192,O heykellerden korkmuÅŸtum izlerkenğŸ˜‚ bir heykelin beni Ã¼rkÃ¼tebileceÄŸi aklÄ±mÄ±n ucundan geÃ§mezdi.
193,Abi katÄ±lmak isteriz ama umrunda deÄŸiliz
194,En sevdiÄŸim YouTube kanalÄ± olan bu kanalÄ±n bu kadar yoÄŸun bir gÃ¼ndeme sahip Filistin mevzusuna deÄŸinen bir video yapmamasÄ± sadece benim mi canÄ±mÄ± sÄ±kÄ±yor.ğŸ‡µğŸ‡¸ğŸ‡µğŸ‡¸
195,DÃ¼nyanÄ±n en iyi dizisi
196,youtube premiuma geÃ§erseniz video yok oluyor Skip Ads
197,tÃ¼m sezonlarÄ± hatim edesim geldi yine
198,Nereden baÅŸlamalÄ±yÄ±m izlemeye? 68 den baÅŸlayamam tabiki hangi sezondan baÅŸlamak mantÄ±klÄ±*
199,Fikir gÃ¼zel ama cam filan da yok ya aÅŸÄ±rÄ± klostrofobik geldi
200,"videonun sonunda, yÃ¶netmenliÄŸini Steven Spielberg&#39;in yaptÄ±ÄŸÄ± A.I. (Yapay Zeka) filmine yapÄ±lan gÃ¶nderme gÃ¶zlerden kaÃ§madÄ± :)"
201,AÅŸÄ±rÄ± kÄ±skandÄ±m benimde Tardis&#39;im olsun istiyorum
202,EN EN EN SEVDÄ°ÄÄ°M DÄ°ZÄ°
203,"Ben bir duvara monte edilip iÃ§eri girince evdeki penceresiz bir odaya aÃ§Ä±lÄ±r falan diye bekliyordum, sonuÃ§ta mit olan ÅŸey iÃ§inin dÄ±ÅŸÄ±ndan bÃ¼yÃ¼k olmasÄ±ydÄ± ama kullanÄ±m amacÄ±na hitap etmesi iÃ§in bu boyutta olmasÄ± gerekiyormuÅŸ. GÃ¼le gÃ¼le kullanÄ±n Doktor :D"
204,Kalitenin adÄ± - B.A.R.I.Å
205,"ya arkadaÅŸ nerdeyse 9 yÄ±ldÄ±r takip ediyorum, sen ne gÃ¼zel adamsÄ±n :-) youtube&#39;a girme sebebimsin. sanal alemin en dÃ¼zgÃ¼n insan modeli... e kalite sevenler burda. ;)"
206,ah be abi .ona okadar para vereceÄŸine tak sanal gerÃ§eklik gÃ¶zlÃ¼ÄŸÃ¼nÃ¼ takÄ±l istediÄŸin zamanda .gelecek zaten senin elinde
207,AÃ§Ä±k ofis ortamlarÄ±nda Ã§ok konforlu bir mahremiyet saÄŸlayan bu kabinler ÅŸirket dedikodularÄ±nÄ±n da Ã¶nÃ¼ne geÃ§iyor olsa gerekğŸ˜
208,GÃ¼zel matematik Ã§alÄ±ÅŸÄ±lÄ±r burda
209,"Yorum yapmayÄ±n su anda BarÄ±ÅŸ Ã–zcan ikinci rÃ¼yayÄ± gÃ¶rÃ¼yordur, saat <a href=""https://www.youtube.com/watch?v=7DFs2WifolI&amp;t=22m22s"">22:22</a> de standart uyuyor oğŸ˜‚ğŸ˜‚"
210,"<a href=""https://youtu.be/tRX5KkWHXqU?si=_eM-h2F9-oYUxd_w"">https://youtu.be/tRX5KkWHXqU?si=_eM-h2F9-oYUxd_w</a>"
211,"<a href=""https://youtu.be/7VkBMSvoUEo?si=cV_AczVoODXDDIPR"">https://youtu.be/7VkBMSvoUEo?si=cV_AczVoODXDDIPR</a>"
212,Studyoyu da bedavaya getirdik ğŸ˜…
213,"Bu Ã¼rÃ¼n iÃ§in herhangi bir telif Ã¶demek durumunda kaldÄ±nÄ±z mÄ±? Dizi yapÄ±mcÄ±larÄ±na, Ä°ngiltere HÃ¼kÃ¼metine veya Londra Belediyesine? :))"
214,abi Ã§ok fazla doctor who izlemiÅŸsin kendine gel rose tyler gerÃ§ek deÄŸil
215,"Filistin iÃ§in hiÃ§ aÃ§Ä±klama yapmamanÄ±z ne Ã¼zÃ¼cÃ¼. Her canlÄ±ya merhamet gÃ¶sterilebilirken Ã¶len mÃ¼slÃ¼man Ã§oÃ§uksa sessiz kalmak kesinlikle kabuk edilemez. Sizin gibi donanÄ±mlÄ±, iyi bir Ä°NSAN olduÄŸunu dÃ¼ÅŸÃ¼ndÃ¼ÄŸÃ¼mÃ¼z birinden bikaÃ§ saniyelik olsa bile birÅŸeyler duymak isterdik. Malesef bende sizi tÃ¼m platformlardan  takipten Ã§Ä±kÄ±yorum."
216,Dr Who en sevdiÄŸim dizilerden biri
217,hastasÄ±yÄ±m bu dizininğŸ˜ğŸ˜ğŸ˜
218,Tam Quantum fiziÄŸi biraz sÄ±kÄ±cÄ± gelmeye baÅŸladÄ± dersin ve BarÄ±ÅŸ Ã–zcan fizik ile ilgili deÄŸil de bir telefon kulÃ¼besi ile ilgili video yapar.
219,Ses yalÄ±tÄ±mÄ± olmasa panik odasÄ± olarak veya depremde sÄ±ÄŸÄ±nacak bir kabin olarak da kullanabilirdiniz ama ses yalÄ±tÄ±mÄ± iÅŸi bozuyor.
220,Ilk izlediÄŸim yabancÄ± diziydi.  BirÃ§ok doktora hayranÄ±m. Iyi ki taniÅŸmiÅŸiz
221,"3.kÃ¼ltÃ¼r diye bir kitap okumuÅŸtum, aslÄ±nda tam bilim kurgu edebiyat eserlerinin Ã¶nemi hakkÄ±ndaydÄ±. Bu bilim kurgu edebiyatÄ± o kadar Ã¶nemli ki, yaratÄ±cÄ±lÄ±ktan anlayÄ±ÅŸ yetisine kadar herÅŸeyi olumlu etkiliyor. DrWho, interstellar, NoManSky, vs hep 3.kÃ¼ltÃ¼r Ã¼n iÃ§inde aslÄ±nda ve topluma, insanlÄ±ÄŸa pozitif katkÄ± saÄŸlÄ±yor."
222,BarÄ±ÅŸ abi gÃ¶zlÃ¼ÄŸÃ¼ deÄŸiÅŸtir lÃ¼tfen kendimi rÃ¶ntgenlenmiÅŸ gibi hissediyorum.
223,reklamÄ±n bÃ¶ylesinden razÄ±yÄ±z
224,"Sevgili BarÄ±ÅŸ Bey ; yaÅŸÄ±m 22 market iÅŸletiyorum , boÅŸ zamanlarÄ±mda doctor who olsun fringe olsun en sevdiÄŸim dizilerdir ve izlerken sinir stres vs baÄŸÄ±rmak iÃ§in ihtiyacÄ±mÄ±n olduÄŸunu hissettimğŸ¤£"
225,AdÄ±mdan da belli olduÄŸu Ã¼zere bir doctor who hayranÄ± olarak videoya ve fikrinizin ve videonun orjinalliÄŸine bayÄ±ldÄ±m emeÄŸinize saÄŸlÄ±k ğŸ‘ğŸ»ğŸ‘ğŸ»ğŸ«¶ğŸ»
226,Jenerasyon dan olsa gerek zaman makinesi dedin mi Delorean gelir aklÄ±ma dr. who kim. :)
227,Dizinin 5. SezonundayÄ±m ve bu videonun yapÄ±lmasÄ± beni Ã§ok heyecanlandÄ±rdÄ± izliyorum ve asla bitsin istemiyorum bence mÃ¼kemmel bir baÅŸyapÄ±t :)
228,"Elin adamÄ± Nasreddin ismini doÄŸru yazÄ±yor, bizim TDK Nasrettin&#39;de diretiyor, bu nasÄ±l iÅŸ! ğŸ˜‚ğŸ¤£"
229,"Son  kÄ±sÄ±m tÃ¼yler Ã¼rpertici, Ã§Ã¼nkÃ¼  bana gÃ¶re doctor how en korkutucu bÃ¶lÃ¼mÃ¼ne gÃ¶ndermeydi"
230,"<a href=""https://www.youtube.com/watch?v=7DFs2WifolI&amp;t=11m29s"">11:29</a> dan beri gÃ¶zÃ¼mÃ¼ kÄ±rpmÄ±yorum"
231,Doctor How?
232,"Baris bey, GÃ¼zel Ã¼rÃ¼nler, fakat internet Sayfasi acilmasi, 10 dak sÃ¼rÃ¼yor. Defalarca yeniledim, google baktim, sorun onlarin sitesinde, bence buna hizli bir el atsinlar. tesekkÃ¼rer"
233,GÃ¼le gÃ¼le kullanÄ±nğŸ‰
234,13. sezonda jody geldikten sonra bÄ±rakmÄ±ÅŸtÄ±m geri baÅŸlamayÄ± da dÃ¼ÅŸÃ¼nmÃ¼yorum iyice sjwye dÃ¶ndÃ¼ gÃ¼zelim dizi
235,Doctor Who&#39;nun bu unutulmaz ikonunu yaÅŸattÄ±ÄŸÄ±n iÃ§in teÅŸekkÃ¼rler.
236,Arka sokaklardan uzun sÃ¼ren dizi mi varmÄ±ÅŸ
237,Bende arka sokaklarÄ± bir ÅŸey sanÄ±yordum
238,Zaman  makinasÄ± kavramÄ±nÄ± ilk kullanan HGWells dir....  BahsetmemiÅŸ olmanÄ±za  Ã¼zÃ¼ldÃ¼m ./Ki  siz  zaman  makinasÄ± nÄ± seslendirdiniz... Yine  de  beÄŸeniyorum  sizi  seviyorum iyi ki varsÄ±nÄ±z.
239,Arka sokaklar o rekoru kÄ±racak
240,Selam barÄ±ÅŸ abi umarÄ±m cevaplandÄ±rÄ±rsÄ±n merak ediyorumda diziyi hala izliyormusun? Bende whovianÄ±mğŸ˜ŠğŸ˜Š
241,BarÄ±ÅŸ abinin favori bÃ¶lÃ¼mÃ¼ donâ€™t blink sanÄ±rÄ±m
242,Sonunu sadece Whovianlar anlar â¤â¤ğŸ˜ğŸ˜
243,"Super,cok iyi dusunmussun,bayildim..cok sevdigim bir dizi,gerci son sezonlarda bayagi bozuldu ama yeni sezonundan umutluyuz tabii..)"
244,"Bu da bizim Tardis:<br><a href=""https://youtu.be/Gy1nygpAdvE?si=3wBOG8GJI24fR6o7"">https://youtu.be/Gy1nygpAdvE?si=3wBOG8GJI24fR6o7</a>"
245,50. yÄ±l Ã¶zel bÃ¶lÃ¼mÃ¼nÃ¼n Ã§Ä±kÄ±ÅŸÄ±nÄ± hatÄ±rlÄ±yorum. ne ara 10 yÄ±l geÃ§ti tokat yemiÅŸ gibi yaÅŸlandÄ±ÄŸÄ±mÄ± anladÄ±m bir anda
246,Don&#39;t Blink!
247,GÃ¼zel bir fikir olmuÅŸ bu tasarÄ±m. Bence firma bu ÅŸekilde Ã¶zelleÅŸtirilmiÅŸ kabinleri de kataloÄŸuna eklemeli
248,BARIÅ ABÄ° VE DOCTOR WHO MU? NasÄ±l heyecanladÄ±m anlattÄ±ÄŸÄ±na bilemezsin. Annem ile diziyi tekrar izlemek istiyorum ama anneme anlatmak Ã§ok uzun sÃ¼rerdi. BarÄ±ÅŸ abi saÄŸolsun fan olduÄŸum bu gÃ¼zel seriyi 12 dk da Ã¶zetlemiÅŸÅŸ... TeÅŸekkÃ¼rler ğŸ¤©ğŸ˜ğŸ¥°<br><br>VE TÃ¼rkiye&#39;de Doctor Who seven tayfayÄ± gÃ¶rmek de Ã§ok gÃ¼zel. TÃ¼m Whoianlara selam olsun!
249,BarÄ±ÅŸ Ã–zcan&#39;Ä±n Acaba bir gÃ¼n film Ã§Ä±karsa nasÄ±l olur diye dÃ¼ÅŸÃ¼nÃ¼yorum
250,Baris bey uzaya hiÃ§ gidilmedi gÃ¶k kubbe hiÃ§ asilamadi gerÃ§ekten uzaya bidildigine inaniyormusunuz merak ediyorum herseyin kurgu aldatmaca olduÄŸu dÃ¼nyanÄ±n yuvarlak deÄŸil dÃ¼z olduÄŸuna deginirmisiniz yaÅŸadÄ±ÄŸÄ±nÄ±z Amerika&#39;dabircok insan var bunu bilen inanan sistem tamamen kurgu eÄŸitim sistemi de dahil.<br>Aya hiÃ§ gidilmedi mesela hepsi kurgu bir video yaparmisiniz
251,Howw.. demek nihayet bu Ã§elimsiz yerel Ä°ngiliz edebiyatÄ±nÄ± kesfedebildiniz?  ğŸ‘ğŸ˜‚
252,"Yalandanda olsa icine yesil ekran ekleyip, iceri girdiginde sonsuzluk gibi Bir deÄŸiÅŸik gÃ¶rÃ¼ntÃ¼ sunabilirdin. Fena olurdu"
253,fark etmeden 12 dakka reklam izlemiÅŸim
254,Doctor Who nun 60. YÄ±ldÃ¶nÃ¼mÃ¼ kutlu olsun.ğŸ˜Š
255,"<a href=""https://www.youtube.com/watch?v=7DFs2WifolI&amp;t=11m32s"">11:32</a> bu kÄ±sÄ±mda The Time of Angels a 5. Sezon 4. BÃ¶lÃ¼me atÄ±fta bulunmanğŸ˜¢ en korktuÄŸum ve etkilendigim bÃ¶lÃ¼mlerden olmuÅŸtur."
256,Last Dr. WHO
257,"BarÄ±ÅŸ abi, lÃ¼tfen 1989-2000 doÄŸum birileri ve o zamanlar televizyonu olmayan fakirler iÃ§in de video iÃ§erikler yayÄ±nlar mÄ±sÄ±n? Doktor vu-nu ben izledim ama Ã§oÄŸu insan ilk senden duyuyor. TeÅŸekkÃ¼rler."
258,"Bir dÃ¼zeltme yapayÄ±m, TARDÄ°S doktor ile birlikte regenere olur ve iÃ§ dizaynÄ± deÄŸiÅŸir."
259,Ä± was here
260,Bir videodada reklam iÃ§eriÄŸi olmadan gerÃ§ekten bilgilendirici nitelikli olsa iyi olurdu sanki artÄ±k tÃ¼m videolarÄ±nÄ± sponsorlar Ã¼zerine Ã¼retiyor gibisin bence bunu deÄŸiÅŸtirmelisin
261,Run you clever boy and remember.<br>-My Clara
262,sÃ¼per.
263,BARIÅ HOCAM FAVORÄ° DÄ°ZÄ°MÄ° YAYINLADI YA NE GÃœZEL GÄ°ZLÄ° GÄ°ZLÄ° Ä°ZLÄ°YORDUK BÄ°Z FANLARI ğŸ˜‚â¤
264,Ã‡ok gÃ¼zeldi emeÄŸinize saÄŸlÄ±k.
265,Ve bundan yarÄ±m asÄ±r Ã¶nce babam dÃ¼nyaya geldi bugÃ¼n :)
266,MÃ¼kemmel olmuÅŸ ÅŸahane iÅŸlerde kullanÄ±n umarÄ±m. Hayatta en sevdiÄŸim dizi ve en sevdiÄŸim nesne.
267,Bu videoyu izlediÄŸimde aklÄ±ma The Bigbang Theory dizisinde SheoldÄ±n karakteri aklÄ±ma geldi
268,Son zamanlarda Doctor Who&#39;ya tekrar baÅŸladÄ±m ve takÄ±ntÄ±lÄ±yÄ±m resmen. Åimdi de BarÄ±ÅŸ Ã–zcan&#39;Ä±n bu konuda video yapmasÄ±... Ana karakter miyim neyim ben.
269,Doctor who ile  tanÄ±ÅŸmam cnbc ile olmuÅŸtu sonrasÄ±nda araÅŸtÄ±rÄ±p eski seriyide bulmuÅŸtum. Lakin bir sÄ±kÄ±ntÄ± vardÄ± ingilizceydi ve altyazÄ±lÄ± deÄŸildi. Bu yÃ¼zden ingilizce Ã¶ÄŸrenip o ÅŸekilde izlemiÅŸtim. Bana Ã§ok ÅŸey kattÄ± muhtemelen araÅŸtÄ±rmacÄ± oluÅŸuma ve karakterimede etkisi vardÄ±r. Zaten Ã§ocukken izlediÄŸim kayÄ±p dÃ¼nyadaki bilim adamÄ± George Edward Challengerdan etkilenip bilim adamÄ± olmak istiyordum. Ãœzerine Dw tuzu biberi olmuÅŸtu...
270,Ãœrun gercekten cok etkliedi beni Ã¼retici firma  Busypood&#39;u tebrik ediyorum
271,Sondaki blink gÃ¶ndermesi :)
272,baris ozcan bi markadir
273,BariÅŸ ozcan abi sen cok kaliteli bir kanalsin turmenistanli takipcinim ve videolarini severek izliyorum sabitlermisin lutfen!
274,Burada sanÄ±rÄ±m en Ã§ok alkÄ±ÅŸÄ± Ã¼rÃ¼nÃ¼ imal eden firma hakediyor. Ã‡ok gÃ¼zel bir video olmuÅŸ. BUSYPOD firmasÄ± umarÄ±m uluslararasÄ± pazarda Ã§ok baÅŸarÄ±lÄ± olur.
275,Sondaki mesajÄ± bir tek izleyenler anladÄ±
276,onun iÃ§ine girdiÄŸimizde bizmi kÃ¼cÃ¼lÃ¼yoru ? yoksa o mu bÃ¼yuyor ğŸ¤”ğŸ¤”
277,Bence en iyileri 9.10. ve 11. Doktordur.
278,ğŸ‘ğŸ»
279,ğŸ“Œ GAZZE<br> GeÃ§tiÄŸimiz sÃ¼re zarfÄ±nda keÅŸke bir kez bile olsa Gazze ile ilgili bir paylaÅŸÄ±m yapmÄ±ÅŸ olsaydÄ±nÄ±z.
280,"Abi,seni gogoleden seni gordum 49 yaÅŸÄ±ndaymÄ±ÅŸsÄ±n daha genÃ§ gÃ¶zÃ¼kÃ¼yorsun maÅŸallah"
281,Ã‡ok havalÄ±Ä±
282,5 vakit namaz daha iyi.
283,Bu iÅŸte bir numara
284,13. Doktor
285,"Jo Martin ve Peter Cushing&#39;i bile dahil ettiÄŸiniz iÃ§in Ã§ok teÅŸekkÃ¼r ederim. Bu dizi benim iÃ§in Ã§ok Ã¶nemli, bu kadar dikkat edildiÄŸini gÃ¶rmek duygulandÄ±rdÄ±."
286,"Off yaa Tardis&#39;in gÃ¼zelliÄŸine bak. Doctor Who&#39;nun Ã§ok bÃ¼yÃ¼k bir hayranÄ±yÄ±m. Her sene baÅŸtan maraton ÅŸeklinde tekrar izlerim. Ã‡oÄŸu gibi bana da Bilim-Kurgu&#39;yu sevdiren yegane bir baÅŸ yapÄ±t. En Ã§ok istediÄŸim ÅŸeylerden biri de evimin bir kÃ¶ÅŸesinde orijinal boyutlarÄ±nda bir Tardis, umarÄ±m nasip olur.<br>Video ÅŸahaneydi BarÄ±ÅŸ hocam. Ã‡ok uzun zamandÄ±r her telefonumun melodisi olan 11. Doktor tema mÃ¼ziÄŸi ve Don&#39;t Blink gÃ¶ndermesi tÃ¼ylerimi diken diken etti. Muazzam bir iÃ§erikti, Ã§ok yaÅŸayÄ±n."
287,12 dakikalÄ±k reklam ğŸ‘ğŸ»
288,YakÄ±n zamanda moda olacaÄŸÄ± kesin Ã¼Ã§ beÅŸ yÄ±la kadar her an etrafinizda bulabilirsiniz... barÄ±ÅŸ hocam akÄ±llÄ±ca davranmÄ±ÅŸ tebrikler ğŸ‘
289,60 sezon gerideyim
290,Sendeyiz BarÄ±ÅŸ Ã–zcan..
291,"Blink, Doctor Who&#39;nun enn iyi bÃ¶lÃ¼mÃ¼dÃ¼r bence."
292,Dr. Who izlemeyi o kadar Ã§ok Ã¶zlemiÅŸimki : )
293,Ä°Ã§i dÄ±ÅŸÄ±ndan bÃ¼yÃ¼k yapabilirler mi ğŸ˜‚
294,Sonu ayrÄ± bir mÃ¼thiÅŸ olmuÅŸ...ğŸ¤Œ
295,Sonunda tÃ¼ylerim diken sonunda efsane bitirmiÅŸ
296,Orjinalfikir. Begendim
297,"EÄŸer diziyi izlemediyseniz ve diziye olan beklentilerinizi yÃ¼kseltmek istemiyorsanÄ±z bu yorumu okumayÄ±n. <br><br>Ä°nsana cidden Evren&#39;in her yerine gidebileceÄŸini hissettirren, her bÃ¶lÃ¼m izlediÄŸinde Ã§ok taze bir heyecan hissi veren bir dizidir. Herhangi bir sezonda sÄ±kÄ±lma ihtimalin yok Ã§Ã¼nkÃ¼ tam diziye alÄ±ÅŸmaya baÅŸladÄ±ÄŸÄ±nda bir, bazen art arda ilginÃ§likler yapÄ±p gene  sizi taze tutmayÄ± baÅŸarÄ±yor. AyrÄ±ca Modern Seri 2005&#39;te baÅŸladÄ±ÄŸÄ± iÃ§in Ã§ok eÄŸlenceli olsa bile kliÅŸelerle harmanlanmÄ±ÅŸ bir Ã¶ykÃ¼ izlemeyi bekliyorsunuz ama pek Ã§ok kez ters kÃ¶ÅŸe yaptÄ±klarÄ± ya da bÃ¶lÃ¼mÃ¼ aÃ§tÄ±ÄŸÄ±mÄ±zda konuyu aklÄ±mÄ±za gelen yÃ¶ntemle Ã§Ã¶zmedikleri oldu. <br><br>En gÃ¼zel yanÄ± evreninin her yere gidebilecek olmasÄ±. Bir bÃ¶lÃ¼m gelecekte uzay ortamlarÄ±na gitmiÅŸken diÄŸer bÃ¶lÃ¼m bÃ¼yÃ¼nÃ¼n Doctor Who kafasÄ±yla aÃ§Ä±klanmasÄ± ya da her ne kadar Ã§ok gÃ¶rsek de bu dizide bir ÅŸekilde tat veren iÃ§ iÃ§e geÃ§miÅŸ zaman paradokslarÄ±nÄ± ya da bir distopyayÄ± izlerdik. <br><br>Dizi yarÄ± absÃ¼rt yarÄ± ciddi ve ben oldum olasÄ± yarÄ± absÃ¼rt yarÄ± ciddi bilimkurgu macera karÄ±ÅŸÄ±mÄ± dizileri Ã§ok severim. AyrÄ±ca tuhaf gelecek ama dizinin dÃ¼ÅŸmanlarÄ±nÄ± seviyorsunuz, onlarla savaÅŸmak keyifli geliyor ama bir yandan da sizi tehdit altÄ±nda hissettiriyor ya da nefret ettiriyorlar. Dalekler, Cybermen, Master. AyrÄ±ca sadece Doctor Who izleyenlerin anlayacaÄŸÄ± ve hepsinin gÃ¶rÃ¼nce gÃ¼lÃ¼mseyeceÄŸi anlar vardÄ±r(misal Aliens of London&#39;daki tarih dersi). <br><br>SevdiÄŸim Ã§ok fazla sanat eseri var, ama bana ciddi anlamda etki eden 10 sanat eserinden biridir. 10. Doktor&#39;u Ã§ok severim, sonik tornavida, psiÅŸik kÃ¢ÄŸÄ±t, TARDIS&#39;i Ã§ok severim. Bu diziye olan hislerimi dÃ¶kmeye ihtiyacÄ±m varmÄ±ÅŸ."
298,The power of serenity
299,TÃ¼m boÅŸ vakitlerinizde kendinizi geliÅŸtirecek enerjiyi nasÄ±l buluyorsunuz ? Her ÅŸeye nasÄ±l vakit bulabiliyorsunuz ? GÃ¼nÃ¼ 25 saate Ã§Ä±karmanÄ±n yolunu ve bitmeyen enerjinin formÃ¼lÃ¼nÃ¼ bulduysanÄ±z paylaÅŸÄ±rsanÄ±z kendi adÄ±ma sevinirim :)
300,BÃ¶ylelikle TARDIS i beleÅŸe getirmiÅŸsin sevgili BarÄ±ÅŸ Abi...ğŸ˜€
301,Eski erkek arkadaÅŸÄ±m Ã§ok seviyordu bu diziyi. YÄ±llar sonra bir YouTube bildirimi bana gÃ¼zel yÄ±llar yaÅŸadÄ±ÄŸÄ±m kiÅŸiyi hatÄ±rlattÄ±. ğŸ™ƒ
302,TÃ¼rklerin doctor who su BarÄ±ÅŸ Ã–zcan gerÃ§ekten teÅŸekkÃ¼rler
303,"Ä°nÅŸa ettiÄŸimiz stÃ¼dyoya, TARDIS yerleÅŸtirmeyi geÃ§enlerde arkadaÅŸÄ±mla konuÅŸtuktan sonra BarÄ±ÅŸ Ã–ZCAN."
304,Kimse bahsetmemiÅŸ ama gÃ¶zlÃ¼kler artik gÃ¶zlÃ¼k deÄŸil artik kamera)
305,9 yÄ±ldÄ±r kolumda TARDIS dÃ¶vmesi olan biri olarak bu video Ã§ok hoÅŸuma gitti! &lt;3
306,Ben daha ilk sezonlari tr dublaj bulamiyorken tardis sahibi olmanizi  elbette ki kiskandim ğŸ¥²
307,â¤ğŸ‰ğŸ‰ğŸ‰
308,Yine gÃ¼zel iÃ§erik olmuÅŸ BarÄ±ÅŸ kardeÅŸim baÅŸarÄ±lar diliyorum
309,sondaki yeri sadece diziyi izleyenler anlar :)
310,Abi Ã§ok iyisin
311,Bigger on the inside :&#39;)<br><br>MeleÄŸi gÃ¶rÃ¼r gÃ¶rmez &quot;Don&#39;t blink&quot; diye baÄŸÄ±ranlar kulÃ¼bÃ¼
312,Ã§ok iyi ya
313,Tardisin frenlerini hep aÃ§Ä±k bÄ±rakÄ±p bu sesi seviyorum diyen koca yÃ¼rekli doktorum David Tennant. Bilmeyenler iÃ§in sÃ¶ylÃ¼yorum 25 KasÄ±m da 14 sezon 1 ci bÃ¶lÃ¼m baÅŸlÄ±yor.
314,NASIL YA Ã‡ILIDIRIYORUM BARIÅ Ã–ZCAN VE DOCTOR WHO MU
315,Bir ara sÃ¼rekli takip ederdim sonra sÄ±navlar dersler diyince hiÃ§ dÃ¶nemedim ve iÃ§imde burukluk olarak kaldÄ±. Ã‡ok severim Doctor Who ve onun ikonik evrenini.
316,BarÄ±ÅŸ abi sana olan hayranlÄ±ÄŸÄ±m her geÃ§en gÃ¼n daha Ã§ok artÄ±yor. Ã‡ok ama Ã§ok sevdiÄŸim bir diziyle alakalÄ± bÃ¶yle bilgilendirici ve bÃ¶yle bir  proje dÃ¼ÅŸÃ¼nÃ¼p gerÃ§ekleÅŸtirmen sana tekrar tekrar hayran bÄ±raktÄ±ryor. Seni Ã§ok seviyorum BarÄ±ÅŸ abi â¤ï¸
317,"Bir bÃ¶lÃ¼mde geÃ§iyor zaten. &quot;TARDIS&#39;ler inÅŸa edilmez, yetiÅŸtirilir.&quot; <br>Hatta hayatÄ± son bulmuÅŸ (Rejenerasyon haklarÄ± sÄ±nÄ±rlÄ± Ã§Ã¼nkÃ¼) Zaman LordlarÄ±nÄ±n sonunda TARDIS&#39;e dÃ¶nÃ¼ÅŸtÃ¼ÄŸÃ¼ bir teori bile var. Benim sevdiÄŸim bir teori. <br>Harika olmuÅŸ, en bÃ¼yÃ¼k hayallerimden birini gerÃ§ekleÅŸtirmiÅŸsiniz. Ä°mrenmekle birlikte sizin adÄ±nÄ±za mutlu oldum. En Ã§ok da Doctor Who&#39;nun Ã¼lkemizde underrated olmasÄ± beni Ã§ok Ã¼zÃ¼yordu, sayenizde belki biraz daha genÃ§lere ulaÅŸmaya devam eder â˜„ï¸"
318,â¤
319,barÄ±ÅŸ abi keÅŸke stÃ¼dyo iÃ§ine de girÅŸi bu izole edilmiÅŸ kabinle yapsaydÄ±n tam anlamÄ±yla TARDIS olurdu<br><br>&#39;&#39;iÃ§i dÄ±ÅŸÄ±ndan daha bÃ¼yÃ¼kmÃ¼ÅŸ&#39;&#39;
320,SaÃ§ma sapan bir video iÅŸte
321,GÃ¼zel.
322,"Disney&#39;in deÄŸerimiz ve onurumuza yaptÄ±ÄŸÄ± kÃ¼Ã§Ã¼k dÃ¼ÅŸÃ¼rÃ¼cÃ¼ davranÄ±ÅŸÄ±ndan sonra ondan sponsorluk , reklam mÄ± aldÄ±n"
323,Bizi 2000 yÄ±lÄ±na geri gÃ¶tÃ¼rÃ¼r mÃ¼ ?
324,Hocam sen nelerle uÄŸraÅŸÄ±yor biz nelerle.
325,BarÄ±ÅŸ abi bende Dr who bayÄ±lÄ±yorum sana da teÅŸekkÃ¼rlerğŸ˜‚ğŸ˜‚
326,selam
327,ğŸ’™
328,"<a href=""https://www.youtube.com/watch?v=7DFs2WifolI&amp;t=6m32s"">6:32</a> Nasreddin hocayla alakasÄ± yok. Nasireddin Tusinin ismi o"
329,kadÄ±n doktor geldiÄŸinde alÄ±ÅŸamamÄ±ÅŸtÄ±m bu video ile dÃ¶nÃ¼p izleyesim geldi
330,helal olsun kabini yapanlara Ã¼ÅŸenmeden araÅŸtÄ±rÄ±p yapmÄ±ÅŸlar.
331,HayÄ±rlÄ± olsun abi iyi gÃ¼nlerde kullan. Yine sadece sana Ã¶zgÃ¼ bir video ve eÅŸya â¤
332,Birebir boyutlarinda degil. Ses kayit alinacagi icin biraz daha buyuk yapmislar. Ama guzel is cikartmislar kullanilan malzeme guzel gorunuyor
333,hayÄ±rlÄ± olsun...
334,Off yeni sezon bir kaÃ§ gÃ¼ne 60. YÄ±l Ã¶zelle baÅŸlÄ±cak Ã§ok heycanlÄ±yÄ±m Ã§ok iyi geldi bu video â¤
335,Diziyi izlemedim ama gÃ¶rdÃ¼ÄŸÃ¼m kadarÄ±yla Doktor da hep kulÃ¼beye hatun atmÄ±ÅŸ. Ã‡akaaal
336,ya sÃ¼per
337,"<a href=""http://www.youtube.com/results?search_query=%23freepalestine"">#freepalestine</a> ğŸ‡µğŸ‡¸ğŸ‡µğŸ‡¸ğŸ‡¹ğŸ‡·ğŸ‡¹ğŸ‡·"
338,Doctor Who 11 yÄ±ldÄ±r takip ettiÄŸim ve en sevdiÄŸim dizi. ArtÄ±k hayatÄ±mÄ±n bir parÃ§asÄ±. Dizinin 60. yÄ±l dÃ¶nÃ¼mÃ¼nde bÃ¶yle bir video atmanÄ±z size olan sevgimi katbekat arttÄ±rdÄ±. Bu harika video iÃ§in teÅŸekkÃ¼r ederim. AyrÄ±ca sondaki melek detayÄ±na bayÄ±ldÄ±m.
339,NÉ™srÉ™ddin Tusi  Ã¶nÉ™mli gÃ¶ybilimÃ§i vÉ™ alim idi nÉ™ nasreddin hocasÄ±
340,baÅŸlÄ±ÄŸÄ± gÃ¶rÃ¼nce fenalaÅŸtÄ±m
341,"harika yapmÄ±ÅŸsÄ±n<a href=""about:invalid#zCSafez""></a>"
342,<b>sondaki aÄŸlayan melek gÃ¶ndermesi :)</b>
343,"10 milyon izleyici toplayÄ±p rekor kÄ±ran dizi,  christopher eccleston&#39;un basrolunden ayrildigini dizi. dr who roluylen taninmak istemediÄŸinden geliyormuÅŸ tabi bu ayrÄ±lma isteÄŸi , Role Ã§ok uymuÅŸtu halbuki, ilginÃ§ bir karar sizce bu karar mantÄ±klÄ±mÄ±ydÄ±, ben anlayamadÄ±m. ğŸ¤”ğŸ™„"
344,BÃ¼yÃ¼k bir zevkle izledim. TeÅŸekkÃ¼rler sevgi ve saygÄ±yla....
345,"YaÅŸÄ±m itibarÄ±yla gizli saklÄ± takip ettiÄŸim, masalsÄ± bir diziyi  yorumlamanÄ±za sevimdim.. TÃ¼rkiye&#39;de alt yazÄ±lÄ± olarak verilirdi .. HÃ¢lÃ¢ devam ediyor mu .. Dizinin bu kadar popÃ¼ler olduÄŸunu ve hayran kitlesi olduÄŸunu bilmiyordum.. Salonumun kÃ¶ÅŸesinde TARDÄ°S olduÄŸunu dÃ¼ÅŸÃ¼nÃ¼r, , oradan bÃ¼tÃ¼n kainatÄ± gezdiÄŸimi hayal ederdim.. Ã‡ocuksu dÃ¼nyamÄ± kaybetmeyen benim iÃ§in Ã§ok Ã¶nemliydi.. YaÅŸ ilerleyince hayal kurma yeteneÄŸimizi de kaybediyoruz.. HarikasÄ±nÄ±z ğŸ¤— ÃœrÃ¼nÃ¼ Ã¼reten firmayÄ± da ayrÄ±ca tebrik ediyorum.. Ãœlkemiz de kaliteli iÅŸlerin yapÄ±ldÄ±ÄŸÄ±nÄ± bilmekten ayrÄ±ca grur duydum ğŸ“±â¤"
346,<b>Tardis bir dizide gÃ¶rebileceÄŸiniz en gÃ¼zel ÅŸeydir!</b>
347,"YaptÄ±ÄŸÄ±n,sÃ¶ylediÄŸin her ÅŸeyin altÄ±nda muhteÅŸem bir plan var. Ä°nanÄ±lmazsÄ±n cidden!ğŸ¤¯"
348,"<b>Doctor Who ilk izlediÄŸim yabancÄ± dizilerden ve duygusal olarak en baÄŸlÄ± olduÄŸum dizi. Bir gence bilimi sevdirtecek , ufkunu aÃ§acak en gÃ¼zel dizi. Ä°lk defa bir videoya yorum atÄ±yorum, bu efsane diziyi herkese Ã¶neririm. BarÄ±ÅŸ Ã–zcanÄ±n&#39;da videolarÄ±nda ara ara doctor who sahneleri ve figÃ¼rleri gÃ¶stermesi mutluluk veriyor. Bu yorumu attÄ±ÄŸÄ±ma gÃ¶re videoyu izleyebilirim.</b>"
349,"the big bang theory, stargate, Dr. Who bu Ã¼Ã§ dizi bizim neslimizin adeta evrensel belgeseli ve hikayesi gibi. AÅŸÄ±rÄ± kÄ±skandÄ±m."
350,Finali Spielberg&#39;Ã¼n A.I. filmindeki David&#39;e atfen yapmanÄ±z harika olmuÅŸ...
351,Yine Ã§Ä±lgÄ±n ve gÃ¼zel bu konu BÃ– ğŸ˜…
352,Yeni Doktor: BarÄ±ÅŸ Ã–zcan ğŸ˜„
353,"Ã‡ok iyi fikir, harika gÃ¶zÃ¼kÃ¼yor"
354,ArtÄ±k BarÄ±ÅŸ bey reklam iÃ§in video Ã§ekiyor. Araya reklam almÄ±yor. Eskiden bilgilendirici videolar Ã§ekerdi. ArtÄ±k Ã§okta ilgimi Ã§ekmiyor maalesef.
355,"BugÃ¼n bilim kurgu tarihinin belki de en Ã¶nemli mihenk taÅŸlarÄ±ndan biri olan Doctor Who&#39;nun 60.yÄ±lÄ± ve benim de aynÄ± zamanda 10.yÄ±lÄ±m. GerÃ§ekten eÅŸsiz bir serÃ¼ven, yÄ±l aldÄ±kÃ§a daha da farklÄ±laÅŸan bir dizi. Belki de en Ã¶nemli Ã¶zelliÄŸi budur ve BarÄ±ÅŸ abi seni aÅŸÄ±rÄ± kÄ±skandÄ±m ÅŸu anda keÅŸke benim de TARDIS&#39;im olsa â˜º"
356,NasÄ±l bu kadar yaratÄ±cÄ± olabiliyorsunuz
357,"Benim iÃ§in dÃ¼nyanÄ±n en iyi dizisi , senin de Ã§ok sevdiÄŸini biliyordum ve 60. YÄ±la Ã¶zel bÃ¶yle bir video hazÄ±rlaman beni Ã§ok mutlu etti.  Son sahnede mÃ¼thiÅŸti.  ğŸ˜"
358,saÄŸlÄ±kla gÃ¼le gÃ¼le kullanÄ±n ve de bizlere her zamanki gibi hayal gÃ¼cÃ¼nÃ¼zÃ¼ kullanarak  yeni paylaÅŸÄ±mlarda bulunun...
359,Ã‡ok iyi
360,BarÄ±ÅŸ bey  gerÃ§ekten bir zaman makinesi Ã§Ã¼nkÃ¼ o kabinde yaptÄ±ÄŸÄ±nÄ±z tÃ¼m o kayÄ±tlar 10 yÄ±llar yada yÃ¼zyÄ±llar sonrasÄ±nda birileri tarafÄ±ndan dinlenecek siz orada olacaksÄ±nÄ±z. Bu zaman yolculuÄŸu deÄŸil mi ? :)
361,"BunlarÄ±n hepsi, sadece bir reklam..."
362,Firmaya helal olsun. Tebrik ederim.
363,Bu diziyi Ã§ok seviyorum. :) Tardis&#39;i gÃ¼le gÃ¼le kullanÄ±n.
364,do not blink
365,aynÄ± zamanda Ã¶ÄŸrenci  Ã§alÄ±ÅŸma odasÄ± olarak kullanÄ±labilecek mÃ¼kemmel bir ÅŸey olmuÅŸ
366,Bu video baÅŸtan aÅŸaÄŸÄ± reklam olmuÅŸ..
367,Ä°zleyene kadar bÃ¶yle bir ÅŸeye ihtiyacÄ±m olduÄŸunu bilmiyorudm
368,Yaaaa harika olmusâ¤
369,Tardis bu hayattaki istediÄŸim en Ã§ok ÅŸeylerden biri benim favorim <br>Ã‡Ã¼nkÃ¼ tardis bana bi ev hissi veriyo bu kendi bir cep boyutumun olmasÄ± ve bu cep boyutun beni uzayda istediÄŸim yere gÃ¶tÃ¼rme konusu Ã§ok hoÅŸuma gidiyor
370,Kendini anlatÄ±yor
371,ğŸŸ¦
372,aga sende nasÄ±l bir para var ya babadanmÄ± zenginsin
373,vay o yÃ¼zden bu gÃ¼n
374,KÄ±skanÄ±yorum â¤
375,Her zaman kaliteli videolar yaptÄ±ÄŸÄ±n iÃ§in teÅŸekkÃ¼rler BarÄ±ÅŸ Ã–zcan
376,sponsor videosu Ã§ekmek iÃ§in abuk sabuk iÃ§i boÅŸ videolar yapÄ±yorsun
377,Uzun zaman sonra ilk kez bir videonuzu izledim Doctor Whoâ™¥ Ama ilk 5 sezon ahahha
378,busypod tamamen yerliyse gurur duydum.
379,doÄŸum gÃ¼nÃ¼mde en sevdiÄŸim kanal en sevdiÄŸim diziyle alakalÄ± video atÄ±yor. :)
380,boÅŸ boÅŸ iÅŸler
381,Ã‡ocukluÄŸumdan beri hayranÄ± olduÄŸum dizi bu videoya  bayÄ±ldÄ±mmm ve Don&#39;t blink â¤ğŸ‰ğŸ‰ğŸ‰ğŸ‰  Yeni sezon gelsin artÄ±k
382,Dizinin son sezonlarda diziden Ã§ok sosyal sorumluluk projesine Ã§evrilmiÅŸ olmasÄ± yÃ¼zÃ¼nden ben dahil Ã§ok izleyici kaybetti...
383,sondaki Don&#39;t Blink detayÄ± hahahaha Ã§ok gÃ¼zel bÃ¶lÃ¼mdÃ¼ be David Tennant&#39;a selam olsun
384,GÃ¶zÃ¼mÃ¼ KÄ±rpmadan izledim ğŸ™‚
385,TÃ¼m serisini 14 tekrar izledim o kadar aÅŸÄ±ÄŸÄ±m
386,BarÄ±ÅŸ abi Doctor Who hayranÄ± olarak Ã§ok hoÅŸuma gitti Ã§ok baÅŸarÄ±lÄ± bir video olmuÅŸ yaÅŸasÄ±n T.A.R.D.Ä°S
387,Ã‡ok sevdiÄŸim bir diziydi Ã§ok kÃ¼Ã§Ã¼k bir yaÅŸta karÅŸÄ±lanmÄ±ÅŸtÄ±m bir bÃ¶lÃ¼m vardÄ± hiÃ§ unutmuyorum 50.yÄ±la Ã¶zel tÃ¼m doktorlar 1 bÃ¶lÃ¼mdeydi daha doÄŸrusu hayatta olanlar. Hatta Google a oyunu gelmiÅŸti ya Ã§ok keyifliydi duygulandÄ±m ÅŸimdi
388,sen orgeneral gibi orbilgenin   orÃ§ocuÄŸusun..(hem  iyi hem kÃ¶tÃ¼  anlamda)
389,En sevdiÄŸim diziyi gÃ¶rÃ¼nce bÄ± garip oldum emeÄŸine saÄŸlÄ±k abi ğŸ‘ğŸ‘ğŸ‘ğŸ‘
390,"LÃ¼tfen bana yardÄ±m edin. Ã–ncelikle bu yorumu birden fazla kanalda gÃ¶rdÃ¼yseniz Ã¶zÃ¼r dilerim ama baÅŸka Ã§arem yoktu kanallarÄ± arasÄ± spawn yaptÄ±ÄŸÄ±m iÃ§in tekekrar Ã¶zÃ¼r dilerim.<br><br><br><br>Merhaba ben kendini fizik alanÄ±nda  geliÅŸtirip fizik ve astro fizik alanÄ±nda Ã¶nemli ÅŸeyler baÅŸarmak isteyen 17 yaÅŸÄ±nda zeki dersleri yÃ¼ksek bir gencim. Ama okuldaki eÄŸtim eksik, geri kalmÄ±ÅŸ ve Ã§ok azÄ± anlatÄ±ldÄ±ÄŸÄ± iÃ§in sizden yardÄ±m istiyorum. Okuldaki fizik ile bunu yapmayÄ± denedim ama bu sebeplerden dolayÄ± bildiklerim ders de yÃ¼ksek not  almaktan baÅŸka bir iÅŸe yaramÄ±yor. LÃ¼tfen bilginiz varsa sÃ¶yleyin gerÃ§ek fiziÄŸi baÅŸtan sona nasÄ±l Ã¶ÄŸrenebilirim. Her tÃ¼rlÃ¼ ÅŸey olur. Bir yazarÄ±n kitaplarÄ± bir internet kursu bir kaynak kitap, lÃ¼tfen Ã¼lkede bu kadar cahil varken bÃ¶yle bir gencin geliÅŸip Ã¼lkesine Ã¶dÃ¼ller kazandÄ±rmasÄ±na yardÄ±m edin."
391,Amaaaaan
392,"tekrar izlemeye baÅŸlamÄ±ÅŸtÄ±m tam ÅŸu sÄ±ralar :&#39;&#39;)  Ã§ocukluÄŸum ergenliÄŸim hep doktorla geÃ§ti. her yeni doktorda  eskisi iÃ§in Ã¼zÃ¼lsem de yeni doktorun maceralarÄ± iÃ§in de heyecanlanmadan duramÄ±yordum. Ses yalÄ±tÄ±mlÄ± odayÄ± tardis ÅŸeklinde yaptÄ±rmanÄ±z Ã§ok gÃ¼zel, hiÃ§ bÃ¶yle bir ihtiyacÄ±m olmamasÄ±na raÄŸmen kendime aynÄ± sizinki gibi bir tardis yaptÄ±rmak istedim  ayrÄ±ca en sondaki weeping angel detayÄ± Ã§ok gÃ¼zeldi, bi tÄ±k duygulanmÄ±ÅŸ bile olabilirim ğŸ¥¹"
393,HastasÄ±yÄ±m ya ilkokuldan beridir izliyorum. ilk izlediÄŸim doctor David Tennat idi
394,"Ah be...Doctor Who&#39;ya Weeping Angles bÃ¶lÃ¼mÃ¼nÃ¼ merak ettiÄŸimden bi bakayÄ±m demiÅŸtim. Ä°zlerken Ã§ok gÃ¼zel bir seri olduÄŸunu dÃ¼ÅŸÃ¼nerek 11. doktordan baÅŸlamaya karar verdim sonra ben de doctor gibi farklÄ± zamanlarda farklÄ± Doctor&#39;lara bakÄ±p deÄŸiÅŸik zaman dÃ¶ngÃ¼lerine girmiÅŸtim. En sevdiÄŸim kÄ±sÄ±m yine Weeping Angles olarak kaldÄ± tabi. BÃ¶lÃ¼mÃ¼ onunla bitirmeniz de bi ayrÄ± gÃ¼zel oldu benim iÃ§in. Ã‡ok gÃ¼zel bir video, Ã§ok saÄŸolun."
395,"BarÄ±ÅŸ abi, Doctor Who bir gÃ¼n tardisi ile gelecek ve bu seferki yol arkadaÅŸÄ± ben olacaÄŸÄ±m diye hala bekliyorum. UmarÄ±m bir gÃ¼n benim de iÃ§i dÄ±ÅŸÄ± kÃ¼Ã§Ã¼k fark etmez, seninki gibi bir tardis&#39;im olur"
396,MuhteÅŸem â¤
397,Bu zat millete metaverse tanÄ±tmÄ±ÅŸtÄ± millet metaverse coinlere saldÄ±rdÄ± millet parasÄ± gitti Bu zat. NasÄ±l izliyorsunuz ancak reklam yapmak bu zat iÅŸi boÅŸ video millet izler sadece
398,"Type 40 da kÄ±rÄ±k diye, Mark III de three diye okumasÄ±. Bu sayÄ± okumalarÄ± neden bÃ¶yle acaba?"
399,DÃ¼nyanÄ±n en gÃ¼zel dizisi olabilir.
400,Abi yardÄ±mÄ±nÄ±za ihtiyacÄ±m var ğŸ˜¢
401,Bende sinema odasÄ± yaptÄ±m ekran 20 metre buyÃ¼klÃ¼gÃ¼nde<br>DuvarlarÄ± siyaha boyadÄ±m.perde kullanmadÄ±m ekran iÃ§in<br>YurtdÄ±ÅŸÄ±ndan projeksiyon boyasÄ± aldÄ±m
402,TARDÄ°SğŸ¥²
403,FANTANSTIKKKK.....
404,16&#39;ncÄ± Doktor BarÄ±ÅŸ Ã–zcan olmalÄ±!
405,"SponsorlarÄ± bu ÅŸekilde kullanman gÃ¼zel, sponsorun senin isteklerine bu ÅŸekilde Ã¶zen gÃ¶stermesi daha gÃ¼zel. BÃ¶yle firmalarÄ±n Ã§oÄŸalmasÄ± dileÄŸiyle ğŸ‘ğŸ¼ğŸ‘ğŸ¼ğŸ‘ğŸ¼"
406,SÃ¼permiÅŸ gerÃ§ekten izole bi ortam yaratmak iÃ§in bire bir
407,Aynen benim de en Ã§ok ihtiyacÄ±m olan ÅŸey de sesten yalÄ±tÄ±lmÄ±ÅŸ kulÃ¼beydi zaten
408,en son 2012de izlemiÅŸtim bayada bir sezon bitirmiÅŸtim hala devam ediyorsa baÅŸlamam birdaha yÃ¼zlerce sezon bitirmekle ugrasamam sÄ±kar insanÄ± bi the walking dead deÄŸil nede olsa
409,"abi hayÄ±rlÄ± olsun Ã§ok gÃ¼zel olmuÅŸ, iÃ§i dÃ¼ÅŸÃ¼ndÃ¼ÄŸÃ¼mden dahada geniÅŸmiÅŸ"
410,Bu adam nobele aday olsun kazanmassa biÅŸey bilmiyorum
411,"bedeva tardis geldi hadi ona uygun bi iÃ§erik hazÄ±rlayalÄ±m, samsung yeni Ã¼rÃ¼n tanÄ±ttÄ± hadi iÃ§erik Ã¼retiyormuÅŸ gibi yapÄ±p reklamÄ± yapalÄ±m. en az iki barÄ±ÅŸ Ã¶zcan videosundan biri reklam iÃ§in zorlama yapÄ±lmÄ±ÅŸ iÃ§erikler."
412,Ä°stanbul da her eve bir TARDÄ°S ne iyi olur. Deprem kabini...
413,"Doctor Who, son bir kaÃ§ sezonun saÃ§ma woke kÃ¼ltÃ¼rÃ¼ne kurban gitmesi haricinde gelmiÅŸ geÃ§miÅŸ en mÃ¼kemmel dizilerden birisidir."
414,KapÄ± kolunuda daha farklÄ± yapsalarmÄ±ÅŸ daha gÃ¼zel olurmuÅŸ..
415,Bu aslinda guzel bir ÅŸey. Bunun kucuk modelini(bana uygun) halini yapip icinde rahatlayabilir ve rahat uyuyabilirim.
416,"Doctor Who bana her ÅŸeyiyle ilham veren bir dizi ve BarÄ±ÅŸ Ã–zcan da bizlere yol gÃ¶steren biri. Seviliyorsun Doctor Who, Seviliyorsun BarÄ±ÅŸ Ã–zcan, Seviliyorsun TARDIS..."
417,NÉ™sirÉ™tdin tusi azerbaycan alimi di
418,Sponsorlar iÃ§in ÅŸekilden ÅŸekile girenler deÄŸilde sponsorlarÄ± bile istediÄŸi ÅŸekli yaptÄ±racak kadar kaliteli bir BarÄ±ÅŸ Ã–zcan ğŸ¥°ğŸ¥° helal olsun bÃ¶yle kaliteli iÃ§erik Ã¼reticilerine yine de istediÄŸi ÅŸekli yapan sponsorda gerÃ§ekten kaliteli iÅŸler yapÄ±yordur gerÃ§ekten hak ediyorlar bence ğŸ˜‡
419,Hayat para ve onu kullanacak zeka varsa ayrÄ± bir gÃ¼zel xD
420,Sen bu iÅŸi biliyon
421,Doctor who yu kÃ¼Ã§Ã¼kken Ã§ok izlerdim
422,Her gÃ¼zel sabahlar barÄ±ÅŸ Ã¶zcanla baÅŸlarâ¤
423,Bence Meta quest 3 ile ilgili video Ã§ekme zamanÄ± geldiâ€¦
424,GÃ¼le gÃ¼le kullanÄ±n ğŸ§¿ğŸ’–ğŸ€
425,SÃ¼persin abi bÃ¶yle underrated bir diziyi gÃ¶stermen bir doctor who sever olarak benim iÃ§in de Ã§ok deÄŸerli
426,Arka sokaklara rakip varmÄ±ÅŸ ğŸ˜…
427,tam david&#39;in tekrar doktor olduÄŸu dÃ¶nemde olunca dr. who&#39;dan reklam aldÄ±n sanmÄ±ÅŸtÄ±m barÄ±ÅŸ abi  lol
428,GÃ¼ne barÄ±ÅŸ Ã–zcan&#39;la baÅŸlamak&gt;&gt;
429,Ã‡ok baÅŸarÄ±lÄ± bir sunumdu her paylaÅŸÄ±mÄ±nÄ±zda biraz daha cahil olduÄŸumu anlÄ±yorum sanÄ±rÄ±m sayenizde asla bir ÅŸeyler hakkÄ±nda bilgimiz var artÄ±k diyemiyoruz  NE KADAR Ã‡OK ÅEY Ã–ÄRENSEK EVRENDE KÃœÃ‡ÃœLDÃœÄÃœMÃœ HÄ°SSEDÄ°YORUM garip bir olay
430,60.yÄ±ldan Ã§ok umutluyuz ğŸ˜ƒ
431,Melek bÃ¶lÃ¼mÃ¼ yÃ¼zÃ¼nden hala heykel alamayan ben kdkdk
432,Sen Harika bir detaysÄ±n be abi.
433,Ayy Ã§ok imrendim harika olmuÅŸ
434,BarÄ±ÅŸ bey mÃ¼thiÅŸsiniz . Dr Who tamam da bu tarz boxlarÄ±n TÃ¼rkiyede yapÄ±ldÄ±ÄŸÄ±nÄ± bilmek Ã§ok hoÅŸuma gitti . Ãœreten firmayÄ± kutluyorum. selamlar
435,Vay barÄ±ÅŸ abi de whovianmÄ±ÅŸ he. Fevkalade.
436,"harika video tebrikler, bu arada podu yapan firmayÄ± merak ettim tÃ¼rkiyede bÃ¶yle yetenekli firmalar varmÄ±ymÄ±ÅŸ? kesinlikle ulaÅŸÄ±p mimari ofis projelerimde Ã¼rÃ¼nlerini kullanmak isterim"
437,KadÄ±n doktoru hiÃ§ gÃ¶rmememiz heralde BarÄ±ÅŸ beyin de kadÄ±n doktoru pek beÄŸenmemesinden kaynaklanÄ±yor.
438,Ohaaaa tardis mi o ohaaaa Ã§ok iyiiiâ¤
439,para olunca herseyi yapabilme gÃ¼cÃ¼ bambaska biÅŸey be barÄ±ÅŸ kardeÅŸ...
440,harikaaaa bayÄ±ldÄ±mmm favori dizim o kadar hoÅŸuma gittiki.. umarÄ±m daha fazla doctor who videosu gelir :)))
441,Benim dizim.
442,ğŸ‰ğŸ‰ğŸ‰
443,BARIÅ ABI ya gerÃ§ekten iyiki varsÄ±nÄ±z<br>Honestly you are one of my most influencial people on earth top five<br>ALUX-EMIIL ANTON<br>CARL SAGAN<br>ELON MUSK<br>RAY DALIO<br>VEEEEEEEEEEEEEEEEEEEE BARIÅ Ã–ZCAAAAAAAAAAAAAAAAAAAAAAAAAAN
444,Bir reklam ancak bu kadar kaliteli yapilabilir.
445,Bu zamanÄ±n Dr Who su belkide sizsiniz.
446,"KaÃ§Ä±rdÄ±ÄŸÄ±nÄ±z veya atladÄ±ÄŸÄ±nÄ±z bir bÃ¶lÃ¼m varğŸ˜‚ tardis de hiÃ§bir zaman aynÄ± deÄŸildi farklÄ± doktorlara baktÄ±ÄŸÄ±mÄ±zda, doktorlarÄ±n tardislerinin dÄ±ÅŸ ÅŸekli ve boyutunun deÄŸiÅŸtiÄŸini gÃ¶zlemleyebiliri. Ä°Ã§inin her zaman deÄŸiÅŸtini sÃ¶ylemeye gerek yok zaten"
447,BÃ¼yÃ¼k bir zevkle izledim. TeÅŸekkÃ¼rler sevgili BarÄ±ÅŸ.
448,HeyecanÄ±na bizleri de ortak ettiÄŸin iÃ§in teÅŸekkÃ¼r ederiz.
449,Nasil devam ediyor ya doctor who yeni sezon mu var ?
450,Maglum zat sarayi
451,ArtÄ±k reklamlarÄ± bile sanata dÃ¶nÃ¼ÅŸtÃ¼recek kadar ilerlediÄŸin iÃ§in teÅŸekkÃ¼rler.
452,Her degisimde bir sonrakine alismak bir oncesini ozlemek cok zor geliyordu biraktimğŸ˜…
453,60. Yil ozel bolumlerini de soyleseydinn
454,yapÄ±yorsun bu siporu
455,"ÃœstadÄ±m BarÄ±ÅŸ bey, siz uzun sÃ¼re ara mÄ± verdiniz ben mi denk gelemedim ama Ã¶zlemiÅŸiz sizi. Ã‡aÄŸrÄ± Mert ile senin bilim anlatÄ±cÄ±lÄ±ÄŸÄ±nÄ± Ã§ok seviyorum. Ãœlkemiz iÃ§in Ã§ok gerekli Ã§Ã¼nkÃ¼. Ã–zellikle son 20 yÄ±l iÃ§inde. EmeÄŸinize saÄŸlÄ±k!"
456,WhovianlarÄ± gÃ¶relim! ğŸ’™
457,Doctor Who favori dizimdir.
458,"Doctor who&#39;yu Ã¼niverssite dÃ¶nemlerinde severek izlerdim. 10. doktor David Tennant favorimdi ve favori yoldaÅŸÄ±m Donna. Gerek senaryo gerekse mÃ¼zik aÃ§Ä±sÄ±ndan gÃ¼zel bir diziydi. Benimde bir tardis&#39;im olsa keÅŸke... Az Ã¶nce 60. yÄ±l dÃ¶nÃ¼mÃ¼ iÃ§in David  and Catherine Tate&#39;in bir araya geleceÄŸini Ã¶ÄŸrendim, Ã¼Ã§ bÃ¶lÃ¼m olsa da sÃ¼per.... Allons-y!!!"
459,2 gÃ¼n Ã¶nce Doctor Who yu anlatan ingilizce bir sunum yapmÄ±ÅŸtÄ±m sÄ±nÄ±fÄ±mda. Åimdi bunu gÃ¶rmek mutlu ettiâ¤
460,yaaaa senelerdir izlediÄŸim dizi gÃ¶rÃ¼nce baÅŸlÄ±kta Ã§ok ÅŸaÅŸÄ±rdÄ±m.<br>herkese tavsiye ederim Ã§ok gÃ¼zel dizidir.
461,"AklÄ±ma Tardis ÅŸekilli buzdolap yaptÄ±rmak geldi, ve ya kÃ¼tÃ¼phane ğŸ¤”"
462,"Ay harika bir videoyduâ€¦ En Ã§ok da David Tennant sahneleri eklenmiÅŸ, BarÄ±ÅŸ abinin favori doktoru belli oldu diyebilir miyiz :)"
463,"YÄ±lardÄ±r hastasÄ± oldugum diziye, 12 yaÅŸlÄ± kÄ±zÄ±ma da bulaÅŸtÄ±rdÄ±m â¤"
464,<b>Harika bir ÅŸey    hatta   bazen   evde  ve  ofiste   insanlarÄ±n  SÄ°NÄ°RLENDÄ°KLERÄ°NDE   Ä°Ã‡Ä°NE GÄ°RÄ°P   BAÄIRIP Sinirlerini  boÅŸaltmalarÄ± iÃ§in  :-D</b><br><b>AyrÄ±ca   evlerde  Ã§ocuklarÄ±n  duymamasÄ±  iÃ§in  ebeveynlerin   konuÅŸmalarÄ± yapmalarÄ± iÃ§in  (  MUTFAK !!  :-D )</b><br><b>AMA   Ã–ZELLÄ°KLE    biraz daha  saÄŸlam yapÄ±labilirse  DEPREM ANINDA  ( ve hatta yangÄ±nda )  iÃ§ine  sÄ±ÄŸÄ±nÄ±labilecek   dizaynda  yapÄ±labilirse ...</b><br>.
465,KapÄ±sÄ± dÄ±ÅŸa aÃ§Ä±lÄ±yor. Normalde iÃ§eri aÃ§ar hep doctor
466,Sabah sabah bize reklam izlettin helal olsun !
467,Doktor BarÄ±ÅŸ)
468,"BarÄ±ÅŸ abi Ã§ok duygulandÄ±m, yÄ±llardÄ±r en sevdiÄŸim dizi arasÄ±ndadÄ±r o kadar yeni dizi izlememe raÄŸmen deÄŸiÅŸmedi.."
469,Hikaye anlatÄ±mÄ± ve videolaÅŸtÄ±rma tartÄ±ÅŸÄ±lmaz feyz almak iÃ§in tÃ¼m videolarÄ± atlamadan izlemeye devam ğŸ‘ BarÄ±ÅŸ Ã–zcan ğŸ’¯ğŸ’¯ğŸ’¯
470,Ben olsam sanÄ±rÄ±m STAR WARS ile ilgili bir tasarÄ±m isterdim ğŸ˜Š
471,Ã‡ok severim yaaa
472,ÃœrÃ¼n yerleÅŸtirmeye bak ğŸ¥‡
473,ğŸ¤œğŸ«¶ğŸ¤›
474,okula gitmeden Ã¶nce iyi oldu
475,Doctor Who hayranlarÄ±na selam olsun ğŸ–ğŸ» ğŸ˜
476,ğŸ˜˜
477,"Baris abi ilk kez birini bÃ¶ylesine kiskandim ğŸ¥² 27 yasindayim cocuklugumdan beri bikmadan usanmadan tekrar tekrar izlerim bu diziyi, en sevdigim yabanci dizidir sadece bilimkurgu dalinda degil geneldede Ã¶yle. Ve en sevdigim &quot;Doctor&quot; Matt Smith ğŸ¤ TARDÄ°S&#39;in var sonik tornavidan var ve son dakikalarda ortaya cikan &quot;AÄŸlayan Melek&quot; ğŸ¥¹ sanirim seninde en sevdigin bolumlerden biri â™¥ï¸ konu izolasyon odasi ama icim gitti valla TARDÄ°S&#39;ine keske benimde olsa ğŸ¥²ğŸ« "
478,Apple Ã§aÄŸrÄ± merkezinde Ã§alÄ±ÅŸÄ±yorsun :) gizlemene gerek yok :)
479,"izleyin, izlettirin mukemmel bir diziğŸ›¸"
480,"<a href=""https://www.youtube.com/watch?v=7DFs2WifolI&amp;t=6m34s"">6:34</a> Nasrettin hoca kurgusal karakter deÄŸil."
481,Guzel bir reklam iÅŸ birlikteliÄŸi olmuÅŸ ğŸ˜Š
482,Bizede nasip etsin ğŸ˜ŠğŸ˜‚
483,SaÄŸlam bir Doctor Who fanÄ± olarak stÃ¼dyonu kÄ±skandÄ±m BarÄ±ÅŸ abi ğŸ˜‚Ã§Ã¼nkÃ¼ hayalimi yaÅŸÄ±yorsunğŸ˜
484,â¤
485,ğŸ‘€
486,"Reklam kÄ±smÄ±nÄ± geÃ§meden izlediÄŸim tek kanal, BarÄ±ÅŸ Ã–zcan. O kadar kaliteli ki..."
487,EmeÄŸine saÄŸlÄ±k BarÄ±ÅŸ abi
488,18 yÄ±llÄ±k bir Doctor Who hayranÄ± olarak aÅŸÄ±rÄ± kÄ±skandÄ±m umarÄ±m bir gÃ¼n benim de o hayal ettiÄŸim tardis yakÄ±nÄ±mda olur. Video Ã§ok gÃ¼zeldi emeÄŸinize saÄŸlÄ±k BarÄ±ÅŸ bey.
489,Ne kadar gÃ¼zel  insanÄ±n  kendisi iÃ§in ve bir nevi bizim iÃ§inde bÃ¶yle bir ÅŸey yapmasÄ± o iÃ§indeki heyecanÄ± tutkuyu hayatÄ±nda yaÅŸatabilmesiâ¤
490,BarÄ±ÅŸ Ã¶zcan 111 hz yi dinliyorum gerÃ§ekten Ã§ok gÃ¼zel
491,Abi hangi kamerayÄ± kullanÄ±yorsun?
492,"Millet, favori doktorunuz kim?"
493,Her sezon bitiminde inanÄ±lmaz bir burukluk oluyor iÃ§imde. Sonlar Ã¼zÃ¼cÃ¼ her zaman tabi. Bir doktora alÄ±ÅŸmak sonra da kaybetmek hiÃ§ kolay deÄŸil
494,HayÄ±rlÄ± olsun bizi de yanÄ±na al. Ã‡alÄ±ÅŸma daveti gÃ¶nder. Pardon konu bu deÄŸildiğŸ˜‚
495,ZamanÄ±n ve mekanÄ±n Ã§eÅŸitli kÃ¶ÅŸelerine yerleÅŸmiÅŸ sessiz avcÄ±larÄ± olmak duasÄ±yla teÅŸekkÃ¼rler BarÄ±ÅŸ abi â¤
496,Gunaydin
497,Bizi zamanÄ±n ve mekanÄ±n herhangi bir yerine gÃ¶tÃ¼rebilen TARDÄ°S tasarÄ±mÄ±nda bir sesli kitap kayÄ±t stÃ¼dyosu... harika bir alt metin
498,Abim Ã§ok zekisin
499,akÄ±llÄ± gÃ¶zlÃ¼k ayrÄ±ntÄ±sÄ±nÄ± fark edenler
500,YÄ±llardÄ±r bÄ±kmadan izliyorum. Her daim yeni bilgiler edinmek Ã§ox gÃ¼zel. Seviliyorsun BarÄ±ÅŸ abi. BakÃ¼den selamlarâ¤ï¸
501,"Something old, something new, something borrowed, something blue..."
502,Doctor Who izlediÄŸini bilmiyordum. Beni gerÃ§ekten mutlu etti. Ã‡ok deÄŸerli bir kÃ¼ltÃ¼r olduÄŸunu dÃ¼ÅŸÃ¼nÃ¼yorum
503,Abi okula gitmem lazÄ±m ama videonuzu hemen izlemek istiyorum.
504,Sen nasÄ±l bi kralsÄ±n daha Ã§ok video istiyoruz doyamÄ±yoruz sana
505,Abi yatsana ne iÅŸin var bu saatte
506,GÃ¼naydÄ±n
507,vay be
508,ula tam okula giderken ğŸ˜”
509,â¤
510,KoÅŸtuk geldik â¤
511,HayÄ±rlÄ± olsun abi :D
512,videonun yÃ¼klenme anÄ± ÅŸakamÄ±Ä±
513,Sk
514,Okula gitmeden Ã¶nce bunu izliyerek hem eylenicem hem Ã¶renicem
515,HayÄ±rlÄ± Olsun ğŸ˜®
516,ÅŸaka yapÄ±yorsunnnn ya ğŸ˜ğŸ˜ğŸ˜ğŸ¤©ğŸ¤©ğŸ¤© yapmasÄ± hayalim olan o video (bitiriÅŸ efsaneeee hahaha)
517,Demataryelize ne zaman olur?
518,hocam Ä±zlemedÄ±m ama emÄ±nÄ±m cok kalÄ±telÄ± bi videodur vizem var 3 te
519,Doctor Who? En iyi dizilerden birisi. Ã‡ok iyi video. MÃ¼kemmel gÃ¶ndermeler var.
520,Abi seni severek izliyorum gerÃ§wktwn kaliteli iÃ§erikler Ã§ekiyorsun
521,GÃ¼ne sizinle baÅŸlamak Ã§ok gÃ¼zel barÄ±ÅŸ bey ğŸ˜Šben Ã§ok severdim doctor who dizisini â¤ï¸â¤ï¸
522,ğŸ‘ğŸ‘ğŸ‘ğŸ‘..
523,Ä°lk abii cok seviyorum seni vidiolarinin devamini bekliyorjm
524,vay be abi yemin ederim hiÃ§ duruÅŸunu ve konuÅŸmanÄ± deÄŸiÅŸtirmedin 6 yÄ±l boyunca boÅŸuna sevmiyoruz seni
525,Ä°lklerden
526,Ä°lk yorum ilk izlenme benim ğŸ˜ƒ
527,Abi senin sayende her video attÄ±ÄŸÄ±nda bir yasima daha giriyorum helal olsun valla
528,Ben ilk
529,GÃ¼naydÄ±n abim
530,"â¤ <a href=""https://youtu.be/2xvV-t6G-nY?si=eV1Okl958Oz-gVJO"">https://youtu.be/2xvV-t6G-nY?si=eV1Okl958Oz-gVJO</a>"
531,ğŸ–ğŸ¼
532,Selam
533,Ä°lk
534,Ä°lk
535,sonunda doctor who videosu geldi
536,Ä°lk yorummm :3
537,Ã–z abim
538,Ä°lk
539,Abi seni Ã§ok seviyorumâ¤â¤â¤
540,Selam
541,Ä°lk yorum
542,ilk.
543,ilk
544,1
545,"60 yÄ±l Ã¶nce bugÃ¼n, 23 KasÄ±m 1963&#39;te tÃ¼m zamanlarÄ±n en uzun soluklu bilim-kurgu hikayesinde tanÄ±ÅŸtÄ±k onunla. 60 yÄ±l sonra yeni stÃ¼dyomda materyalize oldu :) &quot;Doktor Who&quot;severler ve henÃ¼z onu duymayanlar... TanÄ±ÅŸma vakti geldi."
